"Fecha","Último","Apertura","Máximo","Mínimo","Vol.","% var."
"21.11.2022","1,0243","1,0331","1,0333","1,0223","82,17K","-0,86%"
"20.11.2022","1,0331","1,0326","1,0333","1,0323","1,70K","0,07%"
"18.11.2022","1,0324","1,0362","1,0396","1,0313","95,10K","-0,35%"
"17.11.2022","1,0360","1,0395","1,0408","1,0304","98,80K","-0,31%"
"16.11.2022","1,0392","1,0349","1,0439","1,0330","103,83K","0,43%"
"15.11.2022","1,0348","1,0325","1,0481","1,0280","104,61K","0,22%"
"14.11.2022","1,0325","1,0366","1,0368","1,0271","103,34K","-0,26%"
"11.11.2022","1,0352","1,0209","1,0365","1,0163","113,99K","1,41%"
"10.11.2022","1,0208","1,0008","1,0223","0,9935","128,78K","1,97%"
"09.11.2022","1,0011","1,0074","1,0089","0,9992","117,09K","-0,61%"
"08.11.2022","1,0072","1,0022","1,0097","0,9972","100,70K","0,53%"
"07.11.2022","1,0019","0,9911","1,0035","0,9899","94,49K","0,59%"
"04.11.2022","0,9960","0,9750","0,9967","0,9742","86,22K","2,14%"
"03.11.2022","0,9751","0,9819","0,9840","0,9729","76,01K","-0,67%"
"02.11.2022","0,9817","0,9875","0,9977","0,9812","77,34K","-0,58%"
"01.11.2022","0,9874","0,9882","0,9955","0,9852","71,01K","-0,09%"
"31.10.2022","0,9883","0,9947","0,9966","0,9872","75,22K","-0,80%"
"28.10.2022","0,9963","0,9965","0,9998","0,9926","76,68K","0,01%"
"27.10.2022","0,9962","1,0079","1,0094","0,9957","110,90K","-1,14%"
"26.10.2022","1,0077","0,9966","1,0089","0,9943","84,30K","1,13%"
"25.10.2022","0,9964","0,9874","0,9977","0,9848","74,00K","0,91%"
"24.10.2022","0,9874","0,9867","0,9900","0,9807","91,24K","0,14%"
"21.10.2022","0,9860","0,9786","0,9869","0,9704","92,87K","0,79%"
"20.10.2022","0,9783","0,9773","0,9846","0,9754","92,63K","0,12%"
"19.10.2022","0,9771","0,9858","0,9873","0,9757","88,91K","-0,82%"
"18.10.2022","0,9852","0,9838","0,9876","0,9812","98,98K","0,14%"
"17.10.2022","0,9838","0,9726","0,9853","0,9719","88,29K","1,22%"
"14.10.2022","0,9719","0,9778","0,9809","0,9707","108,59K","-0,55%"
"13.10.2022","0,9773","0,9702","0,9807","0,9632","95,28K","0,71%"
"12.10.2022","0,9704","0,9708","0,9735","0,9668","93,22K","0,01%"
"11.10.2022","0,9703","0,9700","0,9776","0,9672","127,21K","0,03%"
"10.10.2022","0,9700","0,9736","0,9754","0,9682","97,22K","-0,42%"
"07.10.2022","0,9741","0,9790","0,9818","0,9725","78,52K","-0,48%"
"06.10.2022","0,9788","0,9879","0,9927","0,9787","89,26K","-0,95%"
"05.10.2022","0,9882","0,9986","0,9995","0,9834","88,68K","-1,01%"
"04.10.2022","0,9983","0,9826","1,0000","0,9805","86,11K","1,62%"
"03.10.2022","0,9824","0,9800","0,9845","0,9753","97,65K","0,26%"
"30.09.2022","0,9799","0,9816","0,9855","0,9735","94,06K","-0,15%"
"29.09.2022","0,9814","0,9735","0,9816","0,9635","96,26K","0,82%"
"28.09.2022","0,9734","0,9594","0,9751","0,9535","104,44K","1,48%"
"27.09.2022","0,9592","0,9610","0,9671","0,9568","104,22K","-0,15%"
"26.09.2022","0,9606","0,9679","0,9711","0,9567","109,84K","-0,87%"
"23.09.2022","0,9690","0,9837","0,9852","0,9668","90,97K","-1,48%"
"22.09.2022","0,9836","0,9837","0,9908","0,9808","103,83K","-0,01%"
"21.09.2022","0,9837","0,9972","0,9978","0,9813","87,44K","-1,33%"
"20.09.2022","0,9970","1,0023","1,0051","0,9955","72,94K","-0,52%"
"19.09.2022","1,0022","1,0012","1,0030","0,9966","63,18K","0,07%"
"16.09.2022","1,0015","1,0001","1,0037","0,9944","72,84K","0,16%"
"15.09.2022","0,9999","0,9980","1,0019","0,9955","69,08K","0,22%"
"14.09.2022","0,9977","0,9969","1,0024","0,9955","87,67K","0,07%"
"13.09.2022","0,9970","1,0123","1,0188","0,9966","77,65K","-1,47%"
"12.09.2022","1,0119","1,0080","1,0199","1,0059","62,34K","0,80%"
"09.09.2022","1,0039","0,9995","1,0114","0,9995","76,39K","0,45%"
"08.09.2022","0,9994","1,0002","1,0030","0,9930","86,34K","-0,05%"
"07.09.2022","0,9999","0,9904","1,0012","0,9875","82,61K","0,98%"
"06.09.2022","0,9902","0,9927","0,9987","0,9863","101,49K","-0,24%"
"05.09.2022","0,9926","0,9950","0,9950","0,9877","67,11K","-0,25%"
"02.09.2022","0,9951","0,9945","1,0035","0,9942","68,96K","0,07%"
"01.09.2022","0,9944","1,0055","1,0057","0,9911","85,85K","-1,12%"
"31.08.2022","1,0057","1,0014","1,0079","0,9971","87,59K","0,45%"
"30.08.2022","1,0012","0,9996","1,0056","0,9981","90,21K","0,17%"
"29.08.2022","0,9995","0,9977","1,0029","0,9913","59,85K","0,34%"
"26.08.2022","0,9961","0,9974","1,0091","0,9947","60,92K","-0,13%"
"25.08.2022","0,9974","0,9967","1,0035","0,9948","82,50K","0,09%"
"24.08.2022","0,9965","0,9970","1,0000","0,9909","67,56K","-0,02%"
"23.08.2022","0,9967","0,9944","1,0019","0,9900","82,39K","0,26%"
"22.08.2022","0,9941","1,0041","1,0048","0,9926","87,97K","-0,93%"
"19.08.2022","1,0034","1,0089","1,0096","1,0031","76,59K","-0,54%"
"18.08.2022","1,0088","1,0180","1,0194","1,0079","78,31K","-0,90%"
"17.08.2022","1,0180","1,0170","1,0203","1,0145","92,06K","0,10%"
"16.08.2022","1,0170","1,0162","1,0195","1,0122","63,58K","0,10%"
"15.08.2022","1,0160","1,0263","1,0270","1,0155","64,99K","-0,96%"
"12.08.2022","1,0258","1,0316","1,0329","1,0237","80,25K","-0,57%"
"11.08.2022","1,0317","1,0299","1,0366","1,0275","84,77K","0,19%"
"10.08.2022","1,0297","1,0214","1,0369","1,0201","88,51K","0,84%"
"09.08.2022","1,0211","1,0198","1,0248","1,0188","80,55K","0,16%"
"08.08.2022","1,0195","1,0179","1,0223","1,0158","67,81K","0,14%"
"05.08.2022","1,0181","1,0247","1,0253","1,0141","82,58K","-0,61%"
"04.08.2022","1,0243","1,0162","1,0254","1,0154","79,41K","0,78%"
"03.08.2022","1,0164","1,0166","1,0210","1,0122","79,90K","0,00%"
"02.08.2022","1,0164","1,0261","1,0295","1,0163","102,38K","-0,95%"
"01.08.2022","1,0261","1,0218","1,0276","1,0205","84,58K","0,42%"
"29.07.2022","1,0218","1,0196","1,0255","1,0145","81,82K","0,22%"
"28.07.2022","1,0196","1,0198","1,0236","1,0114","106,64K","-0,06%"
"27.07.2022","1,0202","1,0116","1,0222","1,0096","76,15K","0,87%"
"26.07.2022","1,0114","1,0220","1,0251","1,0107","79,22K","-1,04%"
"25.07.2022","1,0220","1,0212","1,0259","1,0179","77,43K","0,10%"
"22.07.2022","1,0210","1,0230","1,0256","1,0129","73,44K","-0,18%"
"21.07.2022","1,0228","1,0178","1,0279","1,0153","105,36K","0,50%"
"20.07.2022","1,0177","1,0228","1,0274","1,0155","92,86K","-0,46%"
"19.07.2022","1,0224","1,0143","1,0270","1,0120","80,21K","0,82%"
"18.07.2022","1,0141","1,0085","1,0202","1,0078","74,88K","0,54%"
"15.07.2022","1,0087","1,0018","1,0099","1,0007","77,73K","0,71%"
"14.07.2022","1,0016","1,0061","1,0065","0,9952","89,57K","-0,44%"
"13.07.2022","1,0060","1,0040","1,0123","0,9998","82,54K","0,24%"
"12.07.2022","1,0036","1,0040","1,0074","0,9999","87,76K","-0,03%"
"11.07.2022","1,0039","1,0173","1,0185","1,0034","77,38K","-1,41%"
"08.07.2022","1,0183","1,0159","1,0193","1,0072","90,46K","0,24%"
"07.07.2022","1,0159","1,0181","1,0222","1,0144","86,85K","-0,22%"
"06.07.2022","1,0181","1,0268","1,0277","1,0161","95,91K","-0,83%"
"05.07.2022","1,0266","1,0419","1,0450","1,0235","85,14K","-1,49%"
"04.07.2022","1,0421","1,0424","1,0464","1,0417","68,80K","-0,07%"
"01.07.2022","1,0428","1,0481","1,0487","1,0366","68,09K","-0,52%"
"30.06.2022","1,0482","1,0441","1,0489","1,0382","83,87K","0,41%"
"29.06.2022","1,0439","1,0518","1,0537","1,0434","90,48K","-0,75%"
"28.06.2022","1,0518","1,0585","1,0607","1,0503","92,98K","-0,61%"
"27.06.2022","1,0583","1,0555","1,0616","1,0549","86,89K","0,27%"
"24.06.2022","1,0554","1,0526","1,0572","1,0511","88,51K","0,29%"
"23.06.2022","1,0523","1,0567","1,0582","1,0482","111,48K","-0,40%"
"22.06.2022","1,0565","1,0527","1,0606","1,0468","84,04K","0,38%"
"21.06.2022","1,0525","1,0510","1,0583","1,0508","83,47K","0,15%"
"20.06.2022","1,0509","1,0472","1,0546","1,0472","76,94K","0,10%"
"17.06.2022","1,0498","1,0548","1,0560","1,0445","85,55K","-0,46%"
"16.06.2022","1,0547","1,0442","1,0602","1,0381","138,96K","1,00%"
"15.06.2022","1,0443","1,0417","1,0509","1,0359","104,81K","0,28%"
"14.06.2022","1,0414","1,0411","1,0486","1,0396","86,87K","0,06%"
"13.06.2022","1,0408","1,0513","1,0520","1,0400","75,50K","-1,02%"
"10.06.2022","1,0515","1,0617","1,0644","1,0505","70,02K","-0,93%"
"09.06.2022","1,0614","1,0717","1,0775","1,0611","79,98K","-0,93%"
"08.06.2022","1,0714","1,0700","1,0749","1,0671","57,45K","0,14%"
"07.06.2022","1,0699","1,0695","1,0715","1,0652","62,17K","0,05%"
"06.06.2022","1,0694","1,0722","1,0753","1,0683","61,18K","-0,22%"
"03.06.2022","1,0718","1,0747","1,0765","1,0704","36,97K","-0,25%"
"02.06.2022","1,0745","1,0649","1,0751","1,0645","52,86K","0,93%"
"01.06.2022","1,0646","1,0734","1,0739","1,0626","57,34K","-0,81%"
"31.05.2022","1,0733","1,0778","1,0780","1,0678","72,22K","-0,41%"
"30.05.2022","1,0777","1,0737","1,0788","1,0726","54,77K","0,47%"
"27.05.2022","1,0727","1,0726","1,0766","1,0697","64,64K","0,03%"
"26.05.2022","1,0724","1,0684","1,0733","1,0662","64,32K","0,41%"
"25.05.2022","1,0680","1,0735","1,0740","1,0642","73,49K","-0,50%"
"24.05.2022","1,0734","1,0690","1,0749","1,0661","68,66K","0,42%"
"23.05.2022","1,0689","1,0572","1,0698","1,0558","72,25K","1,22%"
"20.05.2022","1,0560","1,0586","1,0599","1,0532","79,33K","-0,25%"
"19.05.2022","1,0586","1,0470","1,0608","1,0460","78,99K","1,15%"
"18.05.2022","1,0466","1,0549","1,0565","1,0460","79,53K","-0,77%"
"17.05.2022","1,0547","1,0434","1,0556","1,0429","76,97K","1,11%"
"16.05.2022","1,0431","1,0405","1,0444","1,0388","63,92K","0,19%"
"13.05.2022","1,0411","1,0379","1,0421","1,0350","75,66K","0,31%"
"12.05.2022","1,0379","1,0512","1,0530","1,0353","103,61K","-1,26%"
"11.05.2022","1,0511","1,0529","1,0577","1,0502","107,91K","-0,15%"
"10.05.2022","1,0527","1,0557","1,0586","1,0525","71,60K","-0,27%"
"09.05.2022","1,0555","1,0552","1,0594","1,0495","66,96K","0,04%"
"06.05.2022","1,0551","1,0544","1,0601","1,0482","84,53K","0,10%"
"05.05.2022","1,0540","1,0623","1,0642","1,0493","85,99K","-0,76%"
"04.05.2022","1,0621","1,0516","1,0632","1,0505","64,71K","0,96%"
"03.05.2022","1,0520","1,0502","1,0579","1,0491","68,53K","0,15%"
"02.05.2022","1,0504","1,0550","1,0569","1,0490","49,74K","-0,35%"
"29.04.2022","1,0541","1,0498","1,0593","1,0491","87,17K","0,45%"
"28.04.2022","1,0494","1,0557","1,0566","1,0471","89,07K","-0,58%"
"27.04.2022","1,0555","1,0638","1,0655","1,0513","89,56K","-0,76%"
"26.04.2022","1,0636","1,0713","1,0740","1,0635","91,48K","-0,70%"
"25.04.2022","1,0711","1,0841","1,0842","1,0697","98,74K","-0,77%"
"22.04.2022","1,0794","1,0838","1,0853","1,0770","74,46K","-0,39%"
"21.04.2022","1,0836","1,0853","1,0937","1,0824","85,69K","-0,13%"
"20.04.2022","1,0850","1,0788","1,0868","1,0783","83,76K","0,59%"
"19.04.2022","1,0786","1,0783","1,0815","1,0761","77,56K","0,06%"
"18.04.2022","1,0780","1,0805","1,0822","1,0769","34,70K","-0,24%"
"15.04.2022","1,0806","1,0828","1,0832","1,0796","39,97K","-0,19%"
"14.04.2022","1,0827","1,0887","1,0925","1,0757","86,69K","-0,53%"
"13.04.2022","1,0885","1,0830","1,0896","1,0809","74,81K","0,54%"
"12.04.2022","1,0826","1,0882","1,0905","1,0821","55,12K","-0,52%"
"11.04.2022","1,0883","1,0935","1,0951","1,0872","61,06K","0,06%"
"08.04.2022","1,0876","1,0879","1,0892","1,0836","56,37K","-0,02%"
"07.04.2022","1,0878","1,0893","1,0939","1,0864","63,15K","-0,14%"
"06.04.2022","1,0893","1,0906","1,0939","1,0874","57,66K","-0,09%"
"05.04.2022","1,0903","1,0973","1,0990","1,0899","50,42K","-0,61%"
"04.04.2022","1,0970","1,1039","1,1056","1,0960","70,48K","-0,75%"
"01.04.2022","1,1053","1,1065","1,1077","1,1027","96,87K","-0,11%"
"31.03.2022","1,1065","1,1158","1,1185","1,1061","77,25K","-0,82%"
"30.03.2022","1,1156","1,1087","1,1171","1,1083","82,34K","0,64%"
"29.03.2022","1,1085","1,0980","1,1137","1,0970","84,95K","0,97%"
"28.03.2022","1,0978","1,0989","1,1000","1,0944","58,63K","-0,03%"
"25.03.2022","1,0981","1,0994","1,1039","1,0979","55,19K","-0,14%"
"24.03.2022","1,0996","1,1004","1,1014","1,0965","54,04K","-0,07%"
"23.03.2022","1,1004","1,1027","1,1044","1,0963","62,58K","-0,21%"
"22.03.2022","1,1027","1,1018","1,1047","1,0960","67,25K","0,12%"
"21.03.2022","1,1014","1,1059","1,1070","1,1010","64,42K","-0,37%"
"18.03.2022","1,1055","1,1091","1,1120","1,1003","58,86K","-0,31%"
"17.03.2022","1,1089","1,1036","1,1138","1,1008","76,72K","0,52%"
"16.03.2022","1,1032","1,0956","1,1048","1,0948","83,23K","0,74%"
"15.03.2022","1,0951","1,0940","1,1020","1,0926","80,80K","0,11%"
"14.03.2022","1,0939","1,0943","1,0994","1,0900","69,05K","0,28%"
"11.03.2022","1,0909","1,0984","1,1044","1,0901","87,09K","-0,67%"
"10.03.2022","1,0983","1,1075","1,1121","1,0976","88,31K","-0,83%"
"09.03.2022","1,1075","1,0903","1,1096","1,0890","100,09K","1,61%"
"08.03.2022","1,0899","1,0855","1,0960","1,0848","99,68K","0,43%"
"07.03.2022","1,0852","1,0953","1,0953","1,0805","100,00K","-0,68%"
"04.03.2022","1,0926","1,1068","1,1069","1,0886","82,96K","-1,25%"
"03.03.2022","1,1064","1,1118","1,1125","1,1033","78,70K","-0,51%"
"02.03.2022","1,1121","1,1127","1,1147","1,1057","79,28K","-0,04%"
"01.03.2022","1,1126","1,1218","1,1234","1,1090","89,11K","-0,83%"
"28.02.2022","1,1219","1,1179","1,1247","1,1122","86,10K","-0,43%"
"25.02.2022","1,1267","1,1192","1,1275","1,1165","79,32K","0,68%"
"24.02.2022","1,1191","1,1313","1,1314","1,1106","103,42K","-1,04%"
"23.02.2022","1,1309","1,1327","1,1359","1,1300","64,39K","-0,14%"
"22.02.2022","1,1325","1,1312","1,1367","1,1287","85,66K","0,13%"
"21.02.2022","1,1310","1,1315","1,1391","1,1306","51,07K","-0,10%"
"18.02.2022","1,1321","1,1362","1,1378","1,1314","64,20K","-0,34%"
"17.02.2022","1,1360","1,1374","1,1386","1,1322","80,17K","-0,11%"
"16.02.2022","1,1373","1,1360","1,1396","1,1344","70,76K","0,15%"
"15.02.2022","1,1356","1,1307","1,1369","1,1301","74,42K","0,45%"
"14.02.2022","1,1305","1,1344","1,1370","1,1279","81,23K","-0,39%"
"11.02.2022","1,1349","1,1428","1,1431","1,1329","82,40K","-0,68%"
"10.02.2022","1,1427","1,1429","1,1496","1,1374","84,63K","0,04%"
"09.02.2022","1,1422","1,1416","1,1449","1,1402","67,49K","0,07%"
"08.02.2022","1,1414","1,1443","1,1450","1,1395","100,06K","-0,24%"
"07.02.2022","1,1442","1,1468","1,1469","1,1415","75,92K","-0,03%"
"04.02.2022","1,1446","1,1439","1,1485","1,1411","85,84K","0,07%"
"03.02.2022","1,1438","1,1306","1,1452","1,1267","68,02K","1,19%"
"02.02.2022","1,1303","1,1270","1,1331","1,1266","48,06K","0,30%"
"01.02.2022","1,1269","1,1234","1,1279","1,1221","53,47K","0,32%"
"31.01.2022","1,1233","1,1147","1,1249","1,1138","55,96K","0,81%"
"28.01.2022","1,1143","1,1146","1,1174","1,1121","62,02K","0,00%"
"27.01.2022","1,1143","1,1240","1,1244","1,1132","68,31K","-0,84%"
"26.01.2022","1,1237","1,1301","1,1312","1,1235","62,70K","-0,55%"
"25.01.2022","1,1299","1,1324","1,1330","1,1263","72,71K","-0,21%"
"24.01.2022","1,1323","1,1343","1,1346","1,1290","93,65K","-0,15%"
"21.01.2022","1,1340","1,1312","1,1360","1,1300","70,09K","0,27%"
"20.01.2022","1,1310","1,1342","1,1370","1,1302","74,10K","-0,27%"
"19.01.2022","1,1341","1,1321","1,1358","1,1318","87,94K","0,14%"
"18.01.2022","1,1325","1,1408","1,1422","1,1314","102,17K","-0,72%"
"17.01.2022","1,1407","1,1414","1,1436","1,1392","60,66K","-0,06%"
"14.01.2022","1,1414","1,1454","1,1484","1,1398","63,77K","-0,34%"
"13.01.2022","1,1453","1,1443","1,1482","1,1435","59,44K","0,10%"
"12.01.2022","1,1442","1,1366","1,1453","1,1354","60,52K","0,69%"
"11.01.2022","1,1364","1,1325","1,1375","1,1313","58,48K","0,35%"
"10.01.2022","1,1324","1,1353","1,1362","1,1285","55,31K","-0,31%"
"07.01.2022","1,1359","1,1293","1,1365","1,1289","44,10K","0,60%"
"06.01.2022","1,1291","1,1314","1,1332","1,1285","66,51K","-0,19%"
"05.01.2022","1,1313","1,1287","1,1347","1,1277","45,06K","0,25%"
"04.01.2022","1,1285","1,1298","1,1323","1,1272","47,58K","-0,08%"
"03.01.2022","1,1294","1,1365","1,1381","1,1279","33,87K","-0,65%"
"31.12.2021","1,1368","1,1324","1,1387","1,1302","25,72K","0,40%"
"30.12.2021","1,1323","1,1349","1,1360","1,1298","37,87K","-0,22%"
"29.12.2021","1,1348","1,1310","1,1370","1,1273","42,45K","0,34%"
"28.12.2021","1,1309","1,1329","1,1335","1,1289","43,38K","-0,14%"
"27.12.2021","1,1325","1,1318","1,1335","1,1302","38,12K","0,07%"
"24.12.2021","1,1317","1,1330","1,1344","1,1303","47,10K","-0,10%"
"23.12.2021","1,1328","1,1325","1,1343","1,1289","58,12K","0,04%"
"22.12.2021","1,1324","1,1279","1,1343","1,1264","62,74K","0,36%"
"21.12.2021","1,1283","1,1277","1,1303","1,1260","74,53K","0,07%"
"20.12.2021","1,1275","1,1242","1,1305","1,1234","80,10K","0,32%"
"17.12.2021","1,1239","1,1330","1,1350","1,1235","64,50K","-0,79%"
"16.12.2021","1,1328","1,1286","1,1361","1,1280","67,61K","0,38%"
"15.12.2021","1,1285","1,1259","1,1300","1,1221","101,40K","0,25%"
"14.12.2021","1,1257","1,1285","1,1327","1,1253","153,70K","-0,23%"
"13.12.2021","1,1283","1,1316","1,1321","1,1259","75,51K","-0,25%"
"10.12.2021","1,1311","1,1293","1,1325","1,1264","89,00K","0,17%"
"09.12.2021","1,1292","1,1342","1,1348","1,1278","81,41K","-0,44%"
"08.12.2021","1,1342","1,1267","1,1356","1,1264","141,96K","0,70%"
"07.12.2021","1,1263","1,1287","1,1301","1,1228","155,96K","-0,19%"
"06.12.2021","1,1285","1,1321","1,1321","1,1266","93,43K","-0,25%"
"03.12.2021","1,1313","1,1301","1,1334","1,1265","79,00K","0,12%"
"02.12.2021","1,1299","1,1320","1,1349","1,1294","85,49K","-0,18%"
"01.12.2021","1,1319","1,1339","1,1360","1,1302","117,46K","-0,15%"
"30.11.2021","1,1336","1,1291","1,1384","1,1236","128,37K","0,40%"
"29.11.2021","1,1291","1,1309","1,1316","1,1258","85,22K","-0,23%"
"26.11.2021","1,1317","1,1209","1,1331","1,1205","118,35K","0,99%"
"25.11.2021","1,1206","1,1198","1,1231","1,1198","77,42K","0,08%"
"24.11.2021","1,1197","1,1248","1,1256","1,1185","81,95K","-0,44%"
"23.11.2021","1,1246","1,1237","1,1276","1,1226","94,41K","0,11%"
"22.11.2021","1,1234","1,1292","1,1293","1,1230","130,39K","-0,48%"
"19.11.2021","1,1288","1,1371","1,1374","1,1250","64,96K","-0,71%"
"18.11.2021","1,1369","1,1319","1,1375","1,1314","102,38K","0,44%"
"17.11.2021","1,1319","1,1321","1,1333","1,1264","84,79K","0,00%"
"16.11.2021","1,1319","1,1368","1,1386","1,1309","75,97K","-0,42%"
"15.11.2021","1,1367","1,1452","1,1465","1,1356","68,25K","-0,72%"
"12.11.2021","1,1450","1,1454","1,1463","1,1432","67,65K","0,00%"
"11.11.2021","1,1450","1,1482","1,1488","1,1443","52,72K","-0,24%"
"10.11.2021","1,1478","1,1593","1,1596","1,1475","77,73K","-0,97%"
"09.11.2021","1,1591","1,1588","1,1609","1,1569","59,02K","0,04%"
"08.11.2021","1,1586","1,1555","1,1595","1,1550","68,43K","0,17%"
"05.11.2021","1,1566","1,1553","1,1574","1,1513","73,65K","0,12%"
"04.11.2021","1,1552","1,1611","1,1617","1,1528","81,97K","-0,50%"
"03.11.2021","1,1610","1,1579","1,1617","1,1561","84,99K","0,29%"
"02.11.2021","1,1577","1,1605","1,1615","1,1574","76,22K","-0,25%"
"01.11.2021","1,1606","1,1559","1,1610","1,1545","88,67K","0,39%"
"29.10.2021","1,1561","1,1680","1,1690","1,1535","66,75K","-1,01%"
"28.10.2021","1,1679","1,1605","1,1693","1,1581","76,73K","0,65%"
"27.10.2021","1,1604","1,1597","1,1626","1,1585","58,77K","0,08%"
"26.10.2021","1,1595","1,1607","1,1626","1,1585","52,40K","-0,09%"
"25.10.2021","1,1606","1,1644","1,1666","1,1590","64,09K","-0,35%"
"22.10.2021","1,1647","1,1623","1,1656","1,1621","59,50K","0,22%"
"21.10.2021","1,1621","1,1650","1,1668","1,1619","62,61K","-0,24%"
"20.10.2021","1,1649","1,1634","1,1659","1,1616","58,83K","0,15%"
"19.10.2021","1,1632","1,1611","1,1670","1,1608","54,63K","0,20%"
"18.10.2021","1,1609","1,1597","1,1624","1,1571","80,36K","0,08%"
"15.10.2021","1,1600","1,1599","1,1621","1,1588","77,65K","0,05%"
"14.10.2021","1,1594","1,1593","1,1625","1,1583","47,44K","0,02%"
"13.10.2021","1,1592","1,1528","1,1598","1,1527","81,90K","0,56%"
"12.10.2021","1,1527","1,1555","1,1571","1,1524","49,29K","-0,21%"
"11.10.2021","1,1551","1,1571","1,1588","1,1549","61,78K","-0,14%"
"08.10.2021","1,1567","1,1551","1,1586","1,1540","55,79K","0,15%"
"07.10.2021","1,1550","1,1556","1,1573","1,1547","58,88K","-0,05%"
"06.10.2021","1,1556","1,1603","1,1605","1,1529","68,60K","-0,34%"
"05.10.2021","1,1596","1,1623","1,1623","1,1580","67,91K","-0,22%"
"04.10.2021","1,1621","1,1593","1,1641","1,1587","52,39K","0,23%"
"01.10.2021","1,1594","1,1582","1,1608","1,1563","51,54K","0,11%"
"30.09.2021","1,1581","1,1596","1,1611","1,1562","73,40K","-0,12%"
"29.09.2021","1,1595","1,1683","1,1691","1,1589","66,60K","-0,74%"
"28.09.2021","1,1681","1,1696","1,1704","1,1667","74,31K","-0,11%"
"27.09.2021","1,1694","1,1724","1,1728","1,1684","60,19K","-0,17%"
"24.09.2021","1,1714","1,1738","1,1748","1,1700","75,21K","-0,19%"
"23.09.2021","1,1736","1,1686","1,1751","1,1683","70,89K","0,43%"
"22.09.2021","1,1686","1,1726","1,1757","1,1683","74,06K","-0,32%"
"21.09.2021","1,1723","1,1726","1,1751","1,1715","67,83K","-0,02%"
"20.09.2021","1,1725","1,1732","1,1737","1,1700","68,96K","0,00%"
"17.09.2021","1,1725","1,1762","1,1789","1,1724","66,23K","-0,33%"
"16.09.2021","1,1764","1,1816","1,1822","1,1751","91,38K","-0,43%"
"15.09.2021","1,1815","1,1806","1,1833","1,1798","66,94K","0,11%"
"14.09.2021","1,1802","1,1812","1,1846","1,1799","69,13K","-0,05%"
"13.09.2021","1,1808","1,1813","1,1818","1,1769","51,85K","-0,05%"
"10.09.2021","1,1814","1,1826","1,1852","1,1809","66,66K","-0,09%"
"09.09.2021","1,1825","1,1817","1,1842","1,1804","60,73K","0,10%"
"08.09.2021","1,1813","1,1840","1,1852","1,1802","79,42K","-0,22%"
"07.09.2021","1,1839","1,1870","1,1885","1,1837","72,58K","-0,24%"
"06.09.2021","1,1868","1,1879","1,1888","1,1855","49,82K","-0,12%"
"03.09.2021","1,1882","1,1875","1,1910","1,1866","84,79K","0,08%"
"02.09.2021","1,1873","1,1839","1,1877","1,1834","62,57K","0,30%"
"01.09.2021","1,1837","1,1810","1,1858","1,1793","75,94K","0,25%"
"31.08.2021","1,1807","1,1797","1,1848","1,1795","72,91K","0,10%"
"30.08.2021","1,1795","1,1793","1,1810","1,1782","52,84K","0,02%"
"27.08.2021","1,1793","1,1752","1,1803","1,1734","96,31K","0,37%"
"26.08.2021","1,1750","1,1772","1,1781","1,1746","76,18K","-0,17%"
"25.08.2021","1,1770","1,1754","1,1775","1,1725","77,10K","0,14%"
"24.08.2021","1,1753","1,1746","1,1766","1,1726","47,89K","0,09%"
"23.08.2021","1,1743","1,1694","1,1751","1,1691","55,86K","0,40%"
"20.08.2021","1,1696","1,1675","1,1705","1,1664","60,24K","0,19%"
"19.08.2021","1,1674","1,1711","1,1717","1,1666","77,27K","-0,31%"
"18.08.2021","1,1710","1,1710","1,1743","1,1694","71,01K","0,02%"
"17.08.2021","1,1708","1,1776","1,1786","1,1708","66,42K","-0,59%"
"16.08.2021","1,1777","1,1794","1,1802","1,1767","67,85K","-0,12%"
"13.08.2021","1,1791","1,1730","1,1805","1,1727","61,35K","0,55%"
"12.08.2021","1,1727","1,1738","1,1749","1,1724","71,78K","-0,09%"
"11.08.2021","1,1737","1,1720","1,1753","1,1705","64,43K","0,16%"
"10.08.2021","1,1718","1,1738","1,1744","1,1710","110,03K","-0,16%"
"09.08.2021","1,1737","1,1762","1,1769","1,1734","75,77K","-0,20%"
"06.08.2021","1,1760","1,1834","1,1837","1,1753","64,10K","-0,61%"
"05.08.2021","1,1832","1,1837","1,1858","1,1827","77,63K","-0,03%"
"04.08.2021","1,1835","1,1864","1,1901","1,1832","71,34K","-0,21%"
"03.08.2021","1,1860","1,1868","1,1894","1,1853","57,12K","-0,06%"
"02.08.2021","1,1867","1,1864","1,1897","1,1858","46,14K","-0,03%"
"30.07.2021","1,1870","1,1888","1,1910","1,1851","60,74K","-0,13%"
"29.07.2021","1,1886","1,1845","1,1894","1,1840","80,60K","0,37%"
"28.07.2021","1,1842","1,1817","1,1851","1,1773","93,67K","0,24%"
"27.07.2021","1,1814","1,1804","1,1841","1,1769","64,66K","0,13%"
"26.07.2021","1,1799","1,1778","1,1818","1,1763","49,61K","0,24%"
"23.07.2021","1,1771","1,1769","1,1788","1,1753","72,94K","0,01%"
"22.07.2021","1,1770","1,1793","1,1831","1,1757","61,50K","-0,19%"
"21.07.2021","1,1792","1,1782","1,1805","1,1752","63,86K","0,11%"
"20.07.2021","1,1779","1,1801","1,1805","1,1755","97,72K","-0,16%"
"19.07.2021","1,1798","1,1808","1,1825","1,1763","77,07K","-0,06%"
"16.07.2021","1,1805","1,1814","1,1823","1,1791","71,22K","-0,06%"
"15.07.2021","1,1812","1,1837","1,1852","1,1796","75,96K","-0,19%"
"14.07.2021","1,1835","1,1776","1,1839","1,1772","53,48K","0,52%"
"13.07.2021","1,1774","1,1862","1,1876","1,1772","57,96K","-0,72%"
"12.07.2021","1,1859","1,1872","1,1881","1,1836","73,85K","-0,12%"
"09.07.2021","1,1873","1,1844","1,1882","1,1825","51,08K","0,26%"
"08.07.2021","1,1842","1,1792","1,1868","1,1783","58,99K","0,45%"
"07.07.2021","1,1789","1,1823","1,1839","1,1782","57,91K","-0,28%"
"06.07.2021","1,1822","1,1863","1,1896","1,1806","90,38K","-0,33%"
"05.07.2021","1,1861","1,1862","1,1882","1,1851","51,44K","-0,03%"
"02.07.2021","1,1864","1,1849","1,1875","1,1806","62,36K","0,14%"
"01.07.2021","1,1848","1,1859","1,1885","1,1837","53,04K","-0,06%"
"30.06.2021","1,1855","1,1897","1,1910","1,1845","60,66K","-0,34%"
"29.06.2021","1,1895","1,1926","1,1932","1,1877","57,47K","-0,24%"
"28.06.2021","1,1924","1,1935","1,1946","1,1902","51,12K","-0,08%"
"25.06.2021","1,1933","1,1932","1,1976","1,1925","61,85K","0,03%"
"24.06.2021","1,1930","1,1927","1,1957","1,1918","77,34K","0,04%"
"23.06.2021","1,1925","1,1939","1,1970","1,1911","64,07K","-0,11%"
"22.06.2021","1,1938","1,1918","1,1954","1,1881","76,87K","0,19%"
"21.06.2021","1,1915","1,1868","1,1922","1,1847","107,09K","0,46%"
"18.06.2021","1,1860","1,1908","1,1926","1,1846","101,78K","-0,39%"
"17.06.2021","1,1906","1,1996","1,2007","1,1891","88,24K","-0,73%"
"16.06.2021","1,1994","1,2127","1,2135","1,1993","79,82K","-1,07%"
"15.06.2021","1,2124","1,2120","1,2149","1,2100","61,73K","0,05%"
"14.06.2021","1,2118","1,2110","1,2131","1,2093","49,58K","0,10%"
"11.06.2021","1,2106","1,2170","1,2196","1,2092","79,62K","-0,52%"
"10.06.2021","1,2169","1,2181","1,2195","1,2142","77,81K","-0,07%"
"09.06.2021","1,2178","1,2173","1,2219","1,2170","58,04K","0,06%"
"08.06.2021","1,2171","1,2190","1,2196","1,2163","58,82K","-0,15%"
"07.06.2021","1,2189","1,2168","1,2203","1,2145","47,63K","0,20%"
"04.06.2021","1,2165","1,2129","1,2186","1,2104","63,13K","0,34%"
"03.06.2021","1,2124","1,2210","1,2217","1,2118","59,68K","-0,70%"
"02.06.2021","1,2209","1,2214","1,2227","1,2163","67,04K","-0,02%"
"01.06.2021","1,2211","1,2227","1,2255","1,2211","73,68K","-0,11%"
"31.05.2021","1,2225","1,2192","1,2233","1,2183","75,22K","0,30%"
"28.05.2021","1,2189","1,2195","1,2205","1,2132","66,94K","-0,02%"
"27.05.2021","1,2192","1,2192","1,2216","1,2175","88,02K","0,02%"
"26.05.2021","1,2190","1,2251","1,2263","1,2182","81,36K","-0,49%"
"25.05.2021","1,2250","1,2217","1,2267","1,2211","94,46K","0,29%"
"24.05.2021","1,2215","1,2178","1,2230","1,2172","89,84K","0,30%"
"21.05.2021","1,2179","1,2228","1,2241","1,2161","98,55K","-0,38%"
"20.05.2021","1,2226","1,2171","1,2230","1,2169","101,34K","0,44%"
"19.05.2021","1,2172","1,2222","1,2246","1,2160","97,65K","-0,39%"
"18.05.2021","1,2220","1,2153","1,2234","1,2151","90,30K","0,57%"
"17.05.2021","1,2151","1,2140","1,2170","1,2126","84,67K","0,09%"
"14.05.2021","1,2140","1,2080","1,2150","1,2070","76,08K","0,51%"
"13.05.2021","1,2078","1,2073","1,2108","1,2050","98,85K","0,07%"
"12.05.2021","1,2069","1,2148","1,2153","1,2065","102,13K","-0,63%"
"11.05.2021","1,2146","1,2129","1,2182","1,2122","118,04K","0,14%"
"10.05.2021","1,2129","1,2161","1,2178","1,2127","110,40K","-0,28%"
"07.05.2021","1,2163","1,2066","1,2172","1,2053","89,19K","0,82%"
"06.05.2021","1,2064","1,2005","1,2072","1,1992","108,32K","0,49%"
"05.05.2021","1,2005","1,2013","1,2027","1,1985","121,92K","-0,07%"
"04.05.2021","1,2013","1,2064","1,2066","1,1998","117,50K","-0,40%"
"03.05.2021","1,2061","1,2031","1,2076","1,2012","68,48K","0,36%"
"30.04.2021","1,2018","1,2116","1,2127","1,2016","94,17K","-0,83%"
"29.04.2021","1,2118","1,2126","1,2150","1,2102","104,13K","-0,04%"
"28.04.2021","1,2123","1,2091","1,2135","1,2055","87,02K","0,27%"
"27.04.2021","1,2090","1,2086","1,2093","1,2056","117,36K","0,06%"
"26.04.2021","1,2083","1,2093","1,2118","1,2061","94,15K","-0,13%"
"23.04.2021","1,2099","1,2015","1,2100","1,2012","94,70K","0,70%"
"22.04.2021","1,2015","1,2035","1,2070","1,1993","114,06K","-0,15%"
"21.04.2021","1,2033","1,2037","1,2045","1,1998","116,32K","0,00%"
"20.04.2021","1,2033","1,2036","1,2081","1,2022","109,15K","0,00%"
"19.04.2021","1,2033","1,1984","1,2049","1,1942","82,29K","0,42%"
"16.04.2021","1,1983","1,1967","1,1996","1,1950","107,29K","0,15%"
"15.04.2021","1,1965","1,1980","1,1995","1,1955","127,72K","-0,11%"
"14.04.2021","1,1978","1,1948","1,1988","1,1947","108,55K","0,27%"
"13.04.2021","1,1946","1,1911","1,1956","1,1878","104,20K","0,31%"
"12.04.2021","1,1909","1,1891","1,1920","1,1870","97,85K","0,11%"
"09.04.2021","1,1896","1,1913","1,1921","1,1867","83,39K","-0,13%"
"08.04.2021","1,1912","1,1867","1,1928","1,1861","87,06K","0,35%"
"07.04.2021","1,1870","1,1875","1,1916","1,1861","105,52K","-0,04%"
"06.04.2021","1,1875","1,1814","1,1878","1,1795","81,85K","0,54%"
"05.04.2021","1,1811","1,1761","1,1820","1,1738","39,43K","0,42%"
"02.04.2021","1,1762","1,1777","1,1788","1,1748","46,84K","-0,11%"
"01.04.2021","1,1775","1,1731","1,1781","1,1712","114,05K","0,40%"
"31.03.2021","1,1728","1,1716","1,1760","1,1703","109,16K","0,12%"
"30.03.2021","1,1714","1,1764","1,1774","1,1711","73,52K","-0,41%"
"29.03.2021","1,1762","1,1795","1,1797","1,1760","84,19K","-0,29%"
"26.03.2021","1,1796","1,1763","1,1805","1,1763","101,87K","0,27%"
"25.03.2021","1,1764","1,1813","1,1829","1,1761","109,83K","-0,41%"
"24.03.2021","1,1812","1,1851","1,1854","1,1809","124,61K","-0,31%"
"23.03.2021","1,1849","1,1935","1,1941","1,1841","94,56K","-0,69%"
"22.03.2021","1,1931","1,1899","1,1947","1,1871","99,73K","0,24%"
"19.03.2021","1,1903","1,1915","1,1939","1,1874","108,42K","-0,10%"
"18.03.2021","1,1915","1,1979","1,1990","1,1906","98,75K","-0,53%"
"17.03.2021","1,1978","1,1906","1,1986","1,1885","101,58K","0,66%"
"16.03.2021","1,1900","1,1929","1,1953","1,1882","96,88K","-0,23%"
"15.03.2021","1,1928","1,1952","1,1968","1,1911","96,80K","-0,20%"
"12.03.2021","1,1952","1,1983","1,1990","1,1910","107,51K","-0,27%"
"11.03.2021","1,1984","1,1928","1,1990","1,1916","104,72K","0,49%"
"10.03.2021","1,1925","1,1900","1,1931","1,1868","111,86K","0,23%"
"09.03.2021","1,1898","1,1847","1,1917","1,1835","127,75K","0,46%"
"08.03.2021","1,1843","1,1922","1,1933","1,1844","119,38K","-0,62%"
"05.03.2021","1,1917","1,1968","1,1978","1,1894","121,58K","-0,41%"
"04.03.2021","1,1966","1,2063","1,2068","1,1961","130,05K","-0,80%"
"03.03.2021","1,2062","1,2091","1,2113","1,2042","125,20K","-0,22%"
"02.03.2021","1,2089","1,2049","1,2095","1,1991","117,17K","0,35%"
"01.03.2021","1,2047","1,2079","1,2102","1,2027","138,89K","-0,22%"
"26.02.2021","1,2074","1,2176","1,2185","1,2062","158,34K","-0,84%"
"25.02.2021","1,2176","1,2163","1,2243","1,2155","179,31K","0,10%"
"24.02.2021","1,2164","1,2150","1,2176","1,2109","130,68K","0,12%"
"23.02.2021","1,2149","1,2155","1,2181","1,2135","149,82K","-0,04%"
"22.02.2021","1,2154","1,2117","1,2170","1,2091","111,59K","0,31%"
"19.02.2021","1,2117","1,2091","1,2145","1,2082","128,46K","0,24%"
"18.02.2021","1,2088","1,2037","1,2096","1,2035","126,81K","0,43%"
"17.02.2021","1,2036","1,2107","1,2111","1,2023","134,24K","-0,56%"
"16.02.2021","1,2104","1,2130","1,2170","1,2095","123,98K","-0,19%"
"15.02.2021","1,2127","1,2123","1,2146","1,2116","86,11K","0,07%"
"12.02.2021","1,2118","1,2130","1,2135","1,2081","96,59K","-0,08%"
"11.02.2021","1,2128","1,2118","1,2150","1,2112","103,48K","0,10%"
"10.02.2021","1,2116","1,2119","1,2145","1,2108","125,15K","-0,01%"
"09.02.2021","1,2117","1,2048","1,2122","1,2045","134,12K","0,57%"
"08.02.2021","1,2048","1,2042","1,2067","1,2019","150,88K","0,05%"
"05.02.2021","1,2042","1,1964","1,2050","1,1952","106,01K","0,67%"
"04.02.2021","1,1962","1,2033","1,2043","1,1957","116,51K","-0,60%"
"03.02.2021","1,2034","1,2044","1,2050","1,2003","140,65K","-0,07%"
"02.02.2021","1,2042","1,2059","1,2089","1,2011","165,34K","-0,14%"
"01.02.2021","1,2059","1,2140","1,2146","1,2054","150,23K","-0,63%"
"29.01.2021","1,2136","1,2121","1,2156","1,2093","181,15K","0,12%"
"28.01.2021","1,2121","1,2109","1,2142","1,2079","194,46K","0,11%"
"27.01.2021","1,2108","1,2160","1,2170","1,2057","149,64K","-0,43%"
"26.01.2021","1,2160","1,2138","1,2177","1,2107","110,11K","0,19%"
"25.01.2021","1,2137","1,2168","1,2184","1,2115","109,57K","-0,25%"
"22.01.2021","1,2167","1,2164","1,2191","1,2151","108,29K","0,04%"
"21.01.2021","1,2162","1,2106","1,2175","1,2103","118,93K","0,48%"
"20.01.2021","1,2104","1,2127","1,2158","1,2076","111,47K","-0,20%"
"19.01.2021","1,2128","1,2078","1,2146","1,2074","98,73K","0,43%"
"18.01.2021","1,2076","1,2085","1,2091","1,2054","91,54K","-0,02%"
"15.01.2021","1,2078","1,2155","1,2163","1,2074","105,01K","-0,64%"
"14.01.2021","1,2156","1,2157","1,2179","1,2111","100,48K","-0,01%"
"13.01.2021","1,2157","1,2208","1,2224","1,2140","103,13K","-0,41%"
"12.01.2021","1,2207","1,2152","1,2211","1,2136","117,45K","0,48%"
"11.01.2021","1,2149","1,2217","1,2227","1,2132","123,21K","-0,56%"
"08.01.2021","1,2218","1,2273","1,2284","1,2191","99,67K","-0,42%"
"07.01.2021","1,2270","1,2327","1,2346","1,2244","109,24K","-0,45%"
"06.01.2021","1,2325","1,2296","1,2350","1,2265","109,23K","0,25%"
"05.01.2021","1,2294","1,2247","1,2307","1,2246","107,74K","0,38%"
"04.01.2021","1,2248","1,2231","1,2310","1,2223","100,68K","0,29%"
"01.01.2021","1,2212","1,2216","1,2217","1,2210","","-0,01%"
"31.12.2020","1,2213","1,2298","1,2310","1,2209","89,06K","-0,67%"
"30.12.2020","1,2295","1,2248","1,2311","1,2246","104,54K","0,39%"
"29.12.2020","1,2247","1,2217","1,2276","1,2207","98,53K","0,27%"
"28.12.2020","1,2214","1,2202","1,2251","1,2181","77,76K","0,08%"
"25.12.2020","1,2204","1,2186","1,2212","1,2165","14,42K","0,15%"
"24.12.2020","1,2186","1,2188","1,2217","1,2177","134,45K","0,01%"
"23.12.2020","1,2185","1,2163","1,2221","1,2154","197,79K","0,20%"
"22.12.2020","1,2161","1,2244","1,2257","1,2151","179,41K","-0,66%"
"21.12.2020","1,2242","1,2242","1,2254","1,2129","162,42K","-0,11%"
"18.12.2020","1,2255","1,2268","1,2273","1,2225","103,62K","-0,09%"
"17.12.2020","1,2266","1,2199","1,2274","1,2191","118,83K","0,57%"
"16.12.2020","1,2197","1,2152","1,2213","1,2125","141,79K","0,38%"
"15.12.2020","1,2151","1,2143","1,2170","1,2121","121,01K","0,07%"
"14.12.2020","1,2143","1,2131","1,2177","1,2115","92,55K","0,26%"
"11.12.2020","1,2111","1,2137","1,2163","1,2105","86,53K","-0,21%"
"10.12.2020","1,2136","1,2083","1,2160","1,2075","94,87K","0,46%"
"09.12.2020","1,2081","1,2103","1,2148","1,2059","134,03K","-0,17%"
"08.12.2020","1,2101","1,2109","1,2134","1,2095","150,89K","-0,06%"
"07.12.2020","1,2108","1,2128","1,2167","1,2078","130,83K","-0,10%"
"04.12.2020","1,2120","1,2142","1,2178","1,2110","131,09K","-0,16%"
"03.12.2020","1,2140","1,2115","1,2177","1,2100","132,12K","0,21%"
"02.12.2020","1,2115","1,2070","1,2119","1,2040","105,23K","0,37%"
"01.12.2020","1,2070","1,1928","1,2077","1,1926","100,31K","1,19%"
"30.11.2020","1,1928","1,1957","1,2004","1,1924","74,00K","-0,28%"
"27.11.2020","1,1962","1,1914","1,1965","1,1907","72,27K","0,41%"
"26.11.2020","1,1913","1,1916","1,1941","1,1884","78,64K","0,00%"
"25.11.2020","1,1913","1,1891","1,1931","1,1882","105,99K","0,21%"
"24.11.2020","1,1888","1,1842","1,1897","1,1837","96,60K","0,41%"
"23.11.2020","1,1840","1,1853","1,1906","1,1800","86,12K","-0,11%"
"20.11.2020","1,1853","1,1875","1,1891","1,1849","103,33K","-0,17%"
"19.11.2020","1,1873","1,1853","1,1883","1,1816","113,76K","0,18%"
"18.11.2020","1,1852","1,1863","1,1892","1,1848","129,04K","-0,08%"
"17.11.2020","1,1861","1,1852","1,1895","1,1842","87,18K","0,07%"
"16.11.2020","1,1853","1,1829","1,1869","1,1813","84,28K","0,18%"
"13.11.2020","1,1832","1,1805","1,1838","1,1798","117,64K","0,24%"
"12.11.2020","1,1804","1,1777","1,1824","1,1758","136,87K","0,23%"
"11.11.2020","1,1777","1,1810","1,1834","1,1745","142,79K","-0,31%"
"10.11.2020","1,1814","1,1812","1,1844","1,1780","164,31K","0,01%"
"09.11.2020","1,1813","1,1882","1,1920","1,1795","151,73K","-0,50%"
"06.11.2020","1,1872","1,1826","1,1891","1,1795","133,31K","0,43%"
"05.11.2020","1,1821","1,1725","1,1861","1,1710","124,20K","0,84%"
"04.11.2020","1,1722","1,1715","1,1770","1,1603","143,65K","0,09%"
"03.11.2020","1,1711","1,1640","1,1740","1,1633","89,57K","0,61%"
"02.11.2020","1,1640","1,1658","1,1658","1,1622","87,85K","-0,06%"
"30.10.2020","1,1647","1,1674","1,1705","1,1639","116,35K","-0,23%"
"29.10.2020","1,1674","1,1746","1,1760","1,1650","148,26K","-0,60%"
"28.10.2020","1,1744","1,1796","1,1798","1,1717","110,98K","-0,43%"
"27.10.2020","1,1795","1,1810","1,1839","1,1793","87,25K","-0,11%"
"26.10.2020","1,1808","1,1858","1,1861","1,1803","84,54K","-0,43%"
"23.10.2020","1,1859","1,1819","1,1866","1,1787","99,23K","0,36%"
"22.10.2020","1,1816","1,1862","1,1868","1,1811","92,34K","-0,38%"
"21.10.2020","1,1861","1,1822","1,1882","1,1821","102,15K","0,34%"
"20.10.2020","1,1821","1,1769","1,1841","1,1760","80,90K","0,47%"
"19.10.2020","1,1766","1,1722","1,1795","1,1703","79,03K","0,41%"
"16.10.2020","1,1718","1,1708","1,1746","1,1694","99,82K","0,10%"
"15.10.2020","1,1706","1,1747","1,1760","1,1688","93,65K","-0,34%"
"14.10.2020","1,1746","1,1746","1,1772","1,1719","101,99K","0,02%"
"13.10.2020","1,1744","1,1813","1,1817","1,1731","109,71K","-0,58%"
"12.10.2020","1,1813","1,1819","1,1827","1,1786","93,74K","-0,09%"
"09.10.2020","1,1824","1,1759","1,1832","1,1753","80,07K","0,56%"
"08.10.2020","1,1758","1,1762","1,1782","1,1732","123,24K","-0,02%"
"07.10.2020","1,1760","1,1735","1,1783","1,1724","110,95K","0,22%"
"06.10.2020","1,1734","1,1782","1,1809","1,1731","116,86K","-0,40%"
"05.10.2020","1,1781","1,1716","1,1798","1,1707","89,85K","0,58%"
"02.10.2020","1,1713","1,1748","1,1751","1,1695","133,92K","-0,29%"
"01.10.2020","1,1747","1,1719","1,1770","1,1717","124,50K","0,25%"
"30.09.2020","1,1718","1,1743","1,1756","1,1684","97,74K","-0,20%"
"29.09.2020","1,1742","1,1666","1,1746","1,1660","83,24K","0,67%"
"28.09.2020","1,1664","1,1638","1,1679","1,1615","66,53K","0,29%"
"25.09.2020","1,1630","1,1671","1,1686","1,1612","110,25K","-0,36%"
"24.09.2020","1,1672","1,1660","1,1688","1,1626","137,59K","0,11%"
"23.09.2020","1,1659","1,1708","1,1719","1,1651","138,94K","-0,40%"
"22.09.2020","1,1706","1,1770","1,1774","1,1691","126,68K","-0,54%"
"21.09.2020","1,1769","1,1848","1,1873","1,1731","138,82K","-0,57%"
"18.09.2020","1,1837","1,1848","1,1871","1,1826","101,56K","-0,08%"
"17.09.2020","1,1847","1,1816","1,1854","1,1737","120,76K","0,28%"
"16.09.2020","1,1814","1,1850","1,1883","1,1787","99,17K","-0,26%"
"15.09.2020","1,1845","1,1865","1,1901","1,1839","74,09K","-0,19%"
"14.09.2020","1,1868","1,1840","1,1889","1,1830","66,10K","0,19%"
"11.09.2020","1,1845","1,1814","1,1875","1,1812","85,26K","0,27%"
"10.09.2020","1,1813","1,1801","1,1918","1,1800","97,14K","0,09%"
"09.09.2020","1,1802","1,1777","1,1834","1,1753","107,96K","0,20%"
"08.09.2020","1,1779","1,1817","1,1829","1,1765","108,81K","-0,32%"
"07.09.2020","1,1817","1,1833","1,1849","1,1811","72,67K","-0,18%"
"04.09.2020","1,1838","1,1850","1,1866","1,1781","99,67K","-0,09%"
"03.09.2020","1,1849","1,1852","1,1866","1,1789","106,37K","-0,03%"
"02.09.2020","1,1853","1,1911","1,1931","1,1822","102,49K","-0,48%"
"01.09.2020","1,1910","1,1936","1,2012","1,1901","103,88K","-0,22%"
"31.08.2020","1,1936","1,1899","1,1967","1,1883","86,90K","0,28%"
"28.08.2020","1,1903","1,1822","1,1920","1,1810","95,96K","0,69%"
"27.08.2020","1,1821","1,1831","1,1902","1,1762","104,95K","-0,07%"
"26.08.2020","1,1829","1,1834","1,1841","1,1772","99,76K","-0,03%"
"25.08.2020","1,1833","1,1793","1,1845","1,1783","99,43K","0,39%"
"24.08.2020","1,1787","1,1787","1,1851","1,1783","86,28K","-0,07%"
"21.08.2020","1,1795","1,1860","1,1883","1,1754","98,56K","-0,54%"
"20.08.2020","1,1859","1,1839","1,1869","1,1802","114,05K","0,19%"
"19.08.2020","1,1836","1,1931","1,1954","1,1830","110,24K","-0,78%"
"18.08.2020","1,1929","1,1870","1,1967","1,1865","105,45K","0,51%"
"17.08.2020","1,1869","1,1840","1,1882","1,1829","86,60K","0,24%"
"14.08.2020","1,1841","1,1815","1,1852","1,1782","78,13K","0,25%"
"13.08.2020","1,1812","1,1786","1,1865","1,1781","93,34K","0,25%"
"12.08.2020","1,1782","1,1740","1,1816","1,1710","81,07K","0,37%"
"11.08.2020","1,1739","1,1738","1,1808","1,1722","101,79K","0,03%"
"10.08.2020","1,1736","1,1788","1,1803","1,1736","87,41K","-0,42%"
"07.08.2020","1,1786","1,1877","1,1884","1,1755","102,81K","-0,75%"
"06.08.2020","1,1875","1,1863","1,1917","1,1818","121,22K","0,12%"
"05.08.2020","1,1861","1,1802","1,1906","1,1793","106,24K","0,52%"
"04.08.2020","1,1800","1,1765","1,1807","1,1720","90,14K","0,33%"
"03.08.2020","1,1761","1,1783","1,1797","1,1696","97,01K","-0,11%"
"31.07.2020","1,1774","1,1846","1,1910","1,1760","111,29K","-0,61%"
"30.07.2020","1,1846","1,1788","1,1849","1,1731","119,56K","0,47%"
"29.07.2020","1,1790","1,1718","1,1807","1,1714","99,77K","0,65%"
"28.07.2020","1,1714","1,1753","1,1774","1,1698","103,30K","-0,31%"
"27.07.2020","1,1751","1,1646","1,1782","1,1637","102,17K","0,83%"
"24.07.2020","1,1654","1,1597","1,1659","1,1580","107,48K","0,52%"
"23.07.2020","1,1594","1,1575","1,1628","1,1539","101,83K","0,22%"
"22.07.2020","1,1568","1,1528","1,1602","1,1507","98,97K","0,36%"
"21.07.2020","1,1526","1,1447","1,1540","1,1422","91,41K","0,72%"
"20.07.2020","1,1444","1,1410","1,1468","1,1401","91,33K","0,16%"
"17.07.2020","1,1426","1,1384","1,1444","1,1377","104,77K","0,38%"
"16.07.2020","1,1383","1,1411","1,1443","1,1370","117,85K","-0,24%"
"15.07.2020","1,1410","1,1400","1,1452","1,1391","114,09K","0,12%"
"14.07.2020","1,1396","1,1343","1,1409","1,1324","122,20K","0,49%"
"13.07.2020","1,1340","1,1300","1,1375","1,1297","94,59K","0,37%"
"10.07.2020","1,1298","1,1285","1,1326","1,1255","92,41K","0,15%"
"09.07.2020","1,1281","1,1329","1,1372","1,1279","102,92K","-0,42%"
"08.07.2020","1,1329","1,1273","1,1352","1,1262","114,71K","0,52%"
"07.07.2020","1,1270","1,1308","1,1334","1,1258","118,91K","-0,34%"
"06.07.2020","1,1308","1,1242","1,1346","1,1240","92,46K","0,53%"
"03.07.2020","1,1248","1,1239","1,1254","1,1219","117,33K","0,09%"
"02.07.2020","1,1238","1,1252","1,1303","1,1222","109,99K","-0,11%"
"01.07.2020","1,1250","1,1233","1,1276","1,1185","98,49K","0,17%"
"30.06.2020","1,1231","1,1242","1,1263","1,1191","125,66K","-0,08%"
"29.06.2020","1,1240","1,1227","1,1289","1,1216","120,44K","0,21%"
"26.06.2020","1,1217","1,1218","1,1241","1,1194","117,84K","0,00%"
"25.06.2020","1,1217","1,1251","1,1261","1,1190","130,05K","-0,29%"
"24.06.2020","1,1250","1,1308","1,1327","1,1248","121,54K","-0,50%"
"23.06.2020","1,1306","1,1259","1,1350","1,1233","131,87K","0,43%"
"22.06.2020","1,1258","1,1185","1,1271","1,1168","109,67K","0,74%"
"19.06.2020","1,1175","1,1205","1,1255","1,1168","122,26K","-0,24%"
"18.06.2020","1,1202","1,1244","1,1264","1,1185","125,42K","-0,36%"
"17.06.2020","1,1243","1,1264","1,1295","1,1207","137,11K","-0,18%"
"16.06.2020","1,1263","1,1325","1,1353","1,1228","120,59K","-0,52%"
"15.06.2020","1,1322","1,1245","1,1334","1,1226","127,45K","0,60%"
"12.06.2020","1,1254","1,1299","1,1341","1,1212","119,10K","-0,38%"
"11.06.2020","1,1297","1,1373","1,1404","1,1287","144,07K","-0,63%"
"10.06.2020","1,1369","1,1340","1,1423","1,1322","120,98K","0,26%"
"09.06.2020","1,1340","1,1297","1,1365","1,1241","119,40K","0,43%"
"08.06.2020","1,1292","1,1289","1,1321","1,1267","92,17K","0,07%"
"05.06.2020","1,1284","1,1337","1,1385","1,1278","118,69K","-0,46%"
"04.06.2020","1,1336","1,1234","1,1363","1,1194","123,94K","0,93%"
"03.06.2020","1,1232","1,1172","1,1257","1,1166","136,51K","0,56%"
"02.06.2020","1,1169","1,1137","1,1197","1,1114","128,72K","0,31%"
"01.06.2020","1,1134","1,1097","1,1155","1,1095","103,97K","0,32%"
"29.05.2020","1,1098","1,1078","1,1146","1,1070","119,66K","0,20%"
"28.05.2020","1,1076","1,1005","1,1094","1,0991","121,59K","0,66%"
"27.05.2020","1,1003","1,0983","1,1032","1,0934","123,60K","0,21%"
"26.05.2020","1,0980","1,0899","1,0997","1,0891","100,33K","0,74%"
"25.05.2020","1,0899","1,0903","1,0915","1,0870","65,12K","-0,01%"
"22.05.2020","1,0900","1,0949","1,0961","1,0885","118,98K","-0,45%"
"21.05.2020","1,0949","1,0979","1,1010","1,0936","109,50K","-0,26%"
"20.05.2020","1,0977","1,0928","1,1000","1,0918","118,50K","0,51%"
"19.05.2020","1,0921","1,0913","1,0977","1,0901","112,06K","0,08%"
"18.05.2020","1,0912","1,0816","1,0927","1,0799","90,58K","0,90%"
"15.05.2020","1,0815","1,0805","1,0851","1,0789","98,48K","0,10%"
"14.05.2020","1,0804","1,0819","1,0826","1,0775","115,47K","-0,11%"
"13.05.2020","1,0816","1,0848","1,0897","1,0811","119,99K","-0,28%"
"12.05.2020","1,0846","1,0807","1,0885","1,0784","125,12K","0,37%"
"11.05.2020","1,0806","1,0838","1,0851","1,0800","96,78K","-0,31%"
"08.05.2020","1,0840","1,0833","1,0876","1,0814","104,97K","0,07%"
"07.05.2020","1,0832","1,0795","1,0835","1,0766","109,25K","0,35%"
"06.05.2020","1,0794","1,0836","1,0848","1,0782","106,06K","-0,41%"
"05.05.2020","1,0838","1,0907","1,0927","1,0826","100,33K","-0,62%"
"04.05.2020","1,0906","1,0980","1,0980","1,0895","87,75K","-0,70%"
"01.05.2020","1,0983","1,0956","1,1019","1,0934","91,35K","0,26%"
"30.04.2020","1,0955","1,0872","1,0973","1,0833","122,44K","0,75%"
"29.04.2020","1,0873","1,0819","1,0886","1,0818","131,41K","0,51%"
"28.04.2020","1,0818","1,0829","1,0890","1,0810","132,70K","-0,09%"
"27.04.2020","1,0828","1,0809","1,0862","1,0808","113,19K","0,07%"
"24.04.2020","1,0820","1,0778","1,0831","1,0726","119,65K","0,41%"
"23.04.2020","1,0776","1,0824","1,0848","1,0755","121,04K","-0,43%"
"22.04.2020","1,0822","1,0857","1,0886","1,0802","114,98K","-0,31%"
"21.04.2020","1,0856","1,0862","1,0882","1,0816","121,51K","-0,06%"
"20.04.2020","1,0862","1,0875","1,0898","1,0841","114,31K","-0,13%"
"17.04.2020","1,0876","1,0835","1,0893","1,0812","129,16K","0,38%"
"16.04.2020","1,0835","1,0911","1,0913","1,0817","128,71K","-0,66%"
"15.04.2020","1,0907","1,0980","1,0991","1,0856","111,31K","-0,66%"
"14.04.2020","1,0979","1,0914","1,0988","1,0904","110,47K","0,60%"
"13.04.2020","1,0913","1,0941","1,0969","1,0892","62,17K","-0,20%"
"10.04.2020","1,0935","1,0930","1,0953","1,0919","62,11K","0,07%"
"09.04.2020","1,0927","1,0857","1,0953","1,0841","116,28K","0,65%"
"08.04.2020","1,0856","1,0891","1,0904","1,0829","128,09K","-0,30%"
"07.04.2020","1,0889","1,0793","1,0926","1,0783","140,12K","0,91%"
"06.04.2020","1,0791","1,0813","1,0835","1,0768","115,26K","-0,16%"
"03.04.2020","1,0808","1,0858","1,0865","1,0773","114,66K","-0,44%"
"02.04.2020","1,0856","1,0964","1,0970","1,0820","131,83K","-0,97%"
"01.04.2020","1,0962","1,1031","1,1040","1,0903","127,79K","-0,61%"
"31.03.2020","1,1029","1,1049","1,1056","1,0926","132,03K","-0,15%"
"30.03.2020","1,1046","1,1136","1,1145","1,1010","120,26K","-0,84%"
"27.03.2020","1,1140","1,1030","1,1148","1,0953","137,10K","1,02%"
"26.03.2020","1,1028","1,0881","1,1059","1,0869","135,71K","1,36%"
"25.03.2020","1,0880","1,0789","1,0895","1,0761","141,89K","0,86%"
"24.03.2020","1,0787","1,0726","1,0889","1,0722","140,57K","0,62%"
"23.03.2020","1,0721","1,0696","1,0828","1,0637","142,13K","0,25%"
"20.03.2020","1,0694","1,0691","1,0832","1,0637","157,42K","0,04%"
"19.03.2020","1,0690","1,0915","1,0982","1,0654","154,12K","-2,04%"
"18.03.2020","1,0913","1,0997","1,1046","1,0802","142,40K","-0,75%"
"17.03.2020","1,0996","1,1183","1,1190","1,0955","135,65K","-1,65%"
"16.03.2020","1,1181","1,1085","1,1237","1,1046","140,34K","0,68%"
"13.03.2020","1,1105","1,1185","1,1222","1,1054","150,52K","-0,70%"
"12.03.2020","1,1183","1,1269","1,1334","1,1055","141,45K","-0,75%"
"11.03.2020","1,1267","1,1280","1,1367","1,1257","136,10K","-0,11%"
"10.03.2020","1,1279","1,1446","1,1459","1,1274","130,04K","-1,47%"
"09.03.2020","1,1447","1,1292","1,1494","1,1284","140,67K","1,44%"
"06.03.2020","1,1285","1,1238","1,1356","1,1212","120,58K","0,41%"
"05.03.2020","1,1239","1,1136","1,1245","1,1119","95,96K","0,94%"
"04.03.2020","1,1134","1,1172","1,1187","1,1094","99,18K","-0,33%"
"03.03.2020","1,1171","1,1133","1,1214","1,1095","111,38K","0,35%"
"02.03.2020","1,1132","1,1003","1,1186","1,1003","112,46K","0,97%"
"28.02.2020","1,1025","1,1001","1,1054","1,0950","103,28K","0,25%"
"27.02.2020","1,0998","1,0881","1,1006","1,0878","96,55K","1,09%"
"26.02.2020","1,0879","1,0881","1,0910","1,0855","96,53K","0,00%"
"25.02.2020","1,0879","1,0854","1,0891","1,0829","95,39K","0,25%"
"24.02.2020","1,0852","1,0841","1,0872","1,0805","80,31K","0,08%"
"21.02.2020","1,0843","1,0785","1,0864","1,0783","72,95K","0,56%"
"20.02.2020","1,0783","1,0806","1,0821","1,0776","79,09K","-0,19%"
"19.02.2020","1,0804","1,0791","1,0812","1,0782","78,97K","0,12%"
"18.02.2020","1,0791","1,0838","1,0839","1,0785","79,00K","-0,40%"
"17.02.2020","1,0834","1,0832","1,0852","1,0821","57,61K","0,04%"
"14.02.2020","1,0830","1,0841","1,0862","1,0827","71,96K","-0,09%"
"13.02.2020","1,0840","1,0874","1,0890","1,0833","74,39K","-0,29%"
"12.02.2020","1,0871","1,0916","1,0927","1,0864","71,51K","-0,39%"
"11.02.2020","1,0914","1,0911","1,0926","1,0891","73,60K","0,05%"
"10.02.2020","1,0909","1,0951","1,0958","1,0907","75,92K","-0,31%"
"07.02.2020","1,0943","1,0983","1,0986","1,0941","69,26K","-0,34%"
"06.02.2020","1,0980","1,0999","1,1014","1,0964","72,55K","-0,15%"
"05.02.2020","1,0997","1,1044","1,1049","1,0993","71,87K","-0,41%"
"04.02.2020","1,1042","1,1059","1,1065","1,1033","71,23K","-0,14%"
"03.02.2020","1,1058","1,1092","1,1096","1,1035","63,80K","-0,32%"
"31.01.2020","1,1093","1,1032","1,1097","1,1016","69,73K","0,57%"
"30.01.2020","1,1030","1,1010","1,1040","1,1006","71,94K","0,19%"
"29.01.2020","1,1009","1,1022","1,1028","1,0991","66,91K","-0,10%"
"28.01.2020","1,1020","1,1019","1,1026","1,0998","63,24K","0,04%"
"27.01.2020","1,1016","1,1021","1,1039","1,1009","66,68K","-0,06%"
"24.01.2020","1,1023","1,1055","1,1063","1,1020","56,27K","-0,26%"
"23.01.2020","1,1052","1,1092","1,1109","1,1036","51,04K","-0,35%"
"22.01.2020","1,1091","1,1084","1,1099","1,1070","61,01K","0,08%"
"21.01.2020","1,1082","1,1095","1,1119","1,1080","59,80K","-0,11%"
"20.01.2020","1,1094","1,1092","1,1104","1,1076","48,78K","0,05%"
"17.01.2020","1,1088","1,1136","1,1143","1,1085","51,68K","-0,42%"
"16.01.2020","1,1135","1,1151","1,1173","1,1128","63,96K","-0,13%"
"15.01.2020","1,1149","1,1130","1,1164","1,1118","73,33K","0,20%"
"14.01.2020","1,1127","1,1135","1,1145","1,1104","75,22K","-0,05%"
"13.01.2020","1,1133","1,1125","1,1148","1,1112","64,89K","0,12%"
"10.01.2020","1,1120","1,1106","1,1130","1,1085","63,10K","0,14%"
"09.01.2020","1,1105","1,1106","1,1121","1,1092","71,07K","0,02%"
"08.01.2020","1,1103","1,1154","1,1169","1,1101","87,76K","-0,43%"
"07.01.2020","1,1151","1,1198","1,1198","1,1133","69,97K","-0,38%"
"06.01.2020","1,1193","1,1168","1,1207","1,1155","58,88K","0,31%"
"03.01.2020","1,1158","1,1172","1,1181","1,1125","56,62K","-0,11%"
"02.01.2020","1,1170","1,1212","1,1227","1,1163","43,89K","-0,36%"
"01.01.2020","1,1210","1,1213","1,1223","1,1205","0,78K","0,00%"
"31.12.2019","1,1210","1,1198","1,1240","1,1198","43,32K","0,12%"
"30.12.2019","1,1197","1,1175","1,1223","1,1170","51,63K","0,20%"
"27.12.2019","1,1175","1,1097","1,1188","1,1095","51,37K","0,71%"
"26.12.2019","1,1096","1,1091","1,1110","1,1082","30,96K","0,05%"
"25.12.2019","1,1090","1,1089","1,1107","1,1073","16,74K","0,03%"
"24.12.2019","1,1087","1,1089","1,1095","1,1069","55,94K","0,01%"
"23.12.2019","1,1086","1,1081","1,1097","1,1069","48,04K","0,07%"
"20.12.2019","1,1078","1,1122","1,1127","1,1065","49,59K","-0,38%"
"19.12.2019","1,1120","1,1113","1,1145","1,1107","53,35K","0,08%"
"18.12.2019","1,1111","1,1150","1,1156","1,1110","54,79K","-0,34%"
"17.12.2019","1,1149","1,1143","1,1176","1,1128","58,49K","0,06%"
"16.12.2019","1,1142","1,1122","1,1159","1,1122","55,19K","0,21%"
"13.12.2019","1,1119","1,1129","1,1200","1,1111","81,10K","-0,08%"
"12.12.2019","1,1128","1,1130","1,1155","1,1102","67,59K","0,00%"
"11.12.2019","1,1128","1,1092","1,1145","1,1070","62,71K","0,32%"
"10.12.2019","1,1092","1,1063","1,1099","1,1062","59,63K","0,27%"
"09.12.2019","1,1062","1,1055","1,1079","1,1052","42,70K","0,05%"
"06.12.2019","1,1057","1,1105","1,1111","1,1040","47,04K","-0,41%"
"05.12.2019","1,1102","1,1079","1,1109","1,1077","53,75K","0,23%"
"04.12.2019","1,1076","1,1082","1,1116","1,1066","65,26K","-0,05%"
"03.12.2019","1,1081","1,1078","1,1094","1,1065","67,15K","0,04%"
"02.12.2019","1,1077","1,1014","1,1090","1,1003","62,32K","0,56%"
"29.11.2019","1,1015","1,1008","1,1029","1,0980","57,11K","0,07%"
"28.11.2019","1,1007","1,0999","1,1019","1,0999","60,18K","0,08%"
"27.11.2019","1,0998","1,1020","1,1026","1,0991","61,75K","-0,18%"
"26.11.2019","1,1018","1,1014","1,1027","1,1006","60,85K","0,05%"
"25.11.2019","1,1013","1,1024","1,1033","1,1004","57,55K","-0,08%"
"22.11.2019","1,1022","1,1058","1,1086","1,1014","65,36K","-0,32%"
"21.11.2019","1,1057","1,1074","1,1098","1,1051","70,47K","-0,14%"
"20.11.2019","1,1072","1,1078","1,1083","1,1053","75,06K","-0,05%"
"19.11.2019","1,1078","1,1072","1,1085","1,1062","67,02K","0,07%"
"18.11.2019","1,1070","1,1052","1,1091","1,1048","64,20K","0,18%"
"15.11.2019","1,1050","1,1021","1,1058","1,1014","65,27K","0,26%"
"14.11.2019","1,1021","1,1006","1,1028","1,0989","68,06K","0,14%"
"13.11.2019","1,1006","1,1010","1,1021","1,0994","64,75K","-0,01%"
"12.11.2019","1,1007","1,1033","1,1040","1,1002","58,97K","-0,23%"
"11.11.2019","1,1032","1,1022","1,1044","1,1016","45,86K","0,15%"
"08.11.2019","1,1016","1,1050","1,1056","1,1016","56,67K","-0,30%"
"07.11.2019","1,1049","1,1066","1,1092","1,1035","84,04K","-0,14%"
"06.11.2019","1,1065","1,1075","1,1094","1,1064","73,32K","-0,08%"
"05.11.2019","1,1074","1,1128","1,1141","1,1063","81,70K","-0,47%"
"04.11.2019","1,1126","1,1165","1,1176","1,1124","66,79K","-0,35%"
"01.11.2019","1,1165","1,1152","1,1172","1,1128","67,56K","0,13%"
"31.10.2019","1,1150","1,1151","1,1176","1,1130","84,76K","0,02%"
"30.10.2019","1,1148","1,1112","1,1152","1,1079","71,39K","0,34%"
"29.10.2019","1,1110","1,1099","1,1120","1,1073","56,62K","0,11%"
"28.10.2019","1,1098","1,1082","1,1108","1,1076","49,68K","0,18%"
"25.10.2019","1,1078","1,1104","1,1123","1,1072","66,88K","-0,23%"
"24.10.2019","1,1104","1,1131","1,1164","1,1092","77,93K","-0,22%"
"23.10.2019","1,1129","1,1125","1,1141","1,1106","77,54K","0,04%"
"22.10.2019","1,1124","1,1150","1,1158","1,1118","77,87K","-0,22%"
"21.10.2019","1,1148","1,1143","1,1180","1,1137","72,46K","-0,19%"
"18.10.2019","1,1169","1,1125","1,1173","1,1114","71,33K","0,42%"
"17.10.2019","1,1122","1,1072","1,1141","1,1064","86,08K","0,47%"
"16.10.2019","1,1070","1,1033","1,1086","1,1021","87,18K","0,35%"
"15.10.2019","1,1031","1,1028","1,1047","1,0991","88,26K","0,03%"
"14.10.2019","1,1028","1,1044","1,1050","1,1013","70,53K","-0,11%"
"11.10.2019","1,1040","1,1006","1,1063","1,1000","92,51K","0,33%"
"10.10.2019","1,1004","1,0971","1,1035","1,0970","90,92K","0,32%"
"09.10.2019","1,0969","1,0956","1,0991","1,0951","74,64K","0,14%"
"08.10.2019","1,0954","1,0971","1,0997","1,0941","77,64K","-0,15%"
"07.10.2019","1,0970","1,0976","1,1001","1,0962","63,62K","-0,05%"
"04.10.2019","1,0976","1,0963","1,0999","1,0956","77,21K","0,11%"
"03.10.2019","1,0964","1,0959","1,1000","1,0941","74,96K","0,05%"
"02.10.2019","1,0958","1,0933","1,0964","1,0904","59,61K","0,26%"
"01.10.2019","1,0930","1,0900","1,0943","1,0878","66,57K","0,29%"
"30.09.2019","1,0898","1,0940","1,0948","1,0884","60,67K","-0,37%"
"27.09.2019","1,0938","1,0921","1,0960","1,0905","70,74K","0,16%"
"26.09.2019","1,0921","1,0942","1,0969","1,0908","77,23K","-0,18%"
"25.09.2019","1,0941","1,1020","1,1025","1,0937","70,80K","-0,70%"
"24.09.2019","1,1018","1,0994","1,1025","1,0983","67,68K","0,25%"
"23.09.2019","1,0991","1,1016","1,1027","1,0965","62,98K","-0,24%"
"20.09.2019","1,1017","1,1042","1,1069","1,0996","66,06K","-0,21%"
"19.09.2019","1,1040","1,1030","1,1075","1,1022","68,94K","0,10%"
"18.09.2019","1,1029","1,1073","1,1077","1,1013","68,22K","-0,38%"
"17.09.2019","1,1071","1,1000","1,1076","1,0990","78,20K","0,65%"
"16.09.2019","1,1000","1,1087","1,1093","1,0993","76,33K","-0,66%"
"13.09.2019","1,1073","1,1063","1,1110","1,1055","81,76K","0,11%"
"12.09.2019","1,1061","1,1011","1,1087","1,0927","89,75K","0,47%"
"11.09.2019","1,1009","1,1044","1,1056","1,0984","75,20K","-0,31%"
"10.09.2019","1,1043","1,1047","1,1061","1,1030","72,76K","-0,03%"
"09.09.2019","1,1046","1,1024","1,1069","1,1015","67,88K","0,17%"
"06.09.2019","1,1027","1,1034","1,1057","1,1020","84,70K","-0,05%"
"05.09.2019","1,1033","1,1037","1,1085","1,1016","91,31K","0,00%"
"04.09.2019","1,1033","1,0974","1,1039","1,0968","94,44K","0,56%"
"03.09.2019","1,0972","1,0970","1,0979","1,0926","94,86K","0,05%"
"02.09.2019","1,0966","1,0989","1,1000","1,0957","67,02K","-0,21%"
"30.08.2019","1,0989","1,1056","1,1062","1,0963","83,85K","-0,60%"
"29.08.2019","1,1055","1,1077","1,1092","1,1042","83,42K","-0,20%"
"28.08.2019","1,1077","1,1091","1,1099","1,1072","83,86K","-0,12%"
"27.08.2019","1,1090","1,1103","1,1116","1,1085","84,15K","-0,09%"
"26.08.2019","1,1100","1,1145","1,1166","1,1093","94,64K","-0,39%"
"23.08.2019","1,1144","1,1079","1,1154","1,1051","91,22K","0,60%"
"22.08.2019","1,1078","1,1085","1,1114","1,1063","81,70K","-0,05%"
"21.08.2019","1,1083","1,1100","1,1108","1,1080","79,98K","-0,14%"
"20.08.2019","1,1099","1,1079","1,1107","1,1065","82,51K","0,21%"
"19.08.2019","1,1076","1,1092","1,1114","1,1076","71,55K","-0,12%"
"16.08.2019","1,1089","1,1107","1,1114","1,1066","75,88K","-0,15%"
"15.08.2019","1,1106","1,1139","1,1159","1,1091","92,30K","-0,29%"
"14.08.2019","1,1138","1,1171","1,1192","1,1130","91,93K","-0,28%"
"13.08.2019","1,1169","1,1214","1,1229","1,1170","92,35K","-0,38%"
"12.08.2019","1,1212","1,1204","1,1231","1,1162","72,49K","0,13%"
"09.08.2019","1,1198","1,1180","1,1223","1,1179","89,36K","0,18%"
"08.08.2019","1,1178","1,1199","1,1233","1,1177","101,84K","-0,17%"
"07.08.2019","1,1197","1,1199","1,1243","1,1179","105,39K","-0,01%"
"06.08.2019","1,1198","1,1203","1,1250","1,1168","105,46K","-0,04%"
"05.08.2019","1,1202","1,1103","1,1214","1,1103","100,41K","0,86%"
"02.08.2019","1,1107","1,1085","1,1118","1,1070","97,58K","0,22%"
"01.08.2019","1,1083","1,1076","1,1096","1,1027","103,82K","0,08%"
"31.07.2019","1,1074","1,1155","1,1163","1,1059","84,77K","-0,71%"
"30.07.2019","1,1153","1,1144","1,1162","1,1132","78,92K","0,08%"
"29.07.2019","1,1144","1,1127","1,1151","1,1113","64,10K","0,17%"
"26.07.2019","1,1125","1,1147","1,1151","1,1112","65,45K","-0,18%"
"25.07.2019","1,1145","1,1141","1,1188","1,1101","79,25K","0,05%"
"24.07.2019","1,1139","1,1152","1,1159","1,1127","80,49K","-0,11%"
"23.07.2019","1,1151","1,1210","1,1211","1,1145","75,82K","-0,51%"
"22.07.2019","1,1208","1,1218","1,1226","1,1206","66,81K","-0,11%"
"19.07.2019","1,1220","1,1277","1,1283","1,1203","86,56K","-0,49%"
"18.07.2019","1,1275","1,1224","1,1281","1,1205","82,74K","0,46%"
"17.07.2019","1,1223","1,1211","1,1235","1,1200","72,84K","0,12%"
"16.07.2019","1,1209","1,1257","1,1264","1,1201","73,54K","-0,43%"
"15.07.2019","1,1257","1,1269","1,1285","1,1252","61,89K","-0,11%"
"12.07.2019","1,1269","1,1254","1,1276","1,1237","78,17K","0,15%"
"11.07.2019","1,1252","1,1251","1,1286","1,1244","82,67K","0,03%"
"10.07.2019","1,1249","1,1208","1,1264","1,1201","81,57K","0,38%"
"09.07.2019","1,1206","1,1215","1,1220","1,1193","70,42K","-0,07%"
"08.07.2019","1,1214","1,1223","1,1235","1,1207","65,61K","-0,09%"
"05.07.2019","1,1224","1,1285","1,1288","1,1207","80,74K","-0,53%"
"04.07.2019","1,1284","1,1278","1,1296","1,1272","60,35K","0,06%"
"03.07.2019","1,1277","1,1285","1,1312","1,1268","74,72K","-0,05%"
"02.07.2019","1,1283","1,1286","1,1321","1,1274","77,15K","-0,02%"
"01.07.2019","1,1285","1,1376","1,1376","1,1280","76,26K","-0,73%"
"28.06.2019","1,1368","1,1370","1,1394","1,1351","65,18K","0,00%"
"27.06.2019","1,1368","1,1369","1,1382","1,1348","66,45K","0,00%"
"26.06.2019","1,1368","1,1365","1,1392","1,1348","73,54K","0,03%"
"25.06.2019","1,1365","1,1399","1,1413","1,1343","72,50K","-0,27%"
"24.06.2019","1,1396","1,1361","1,1405","1,1361","59,48K","0,26%"
"21.06.2019","1,1366","1,1292","1,1379","1,1282","72,79K","0,66%"
"20.06.2019","1,1291","1,1226","1,1319","1,1226","75,43K","0,60%"
"19.06.2019","1,1224","1,1193","1,1254","1,1186","58,20K","0,29%"
"18.06.2019","1,1191","1,1219","1,1243","1,1180","65,20K","-0,23%"
"17.06.2019","1,1217","1,1216","1,1248","1,1204","55,65K","0,09%"
"14.06.2019","1,1207","1,1283","1,1291","1,1201","69,78K","-0,60%"
"13.06.2019","1,1275","1,1287","1,1305","1,1267","82,34K","-0,11%"
"12.06.2019","1,1287","1,1326","1,1344","1,1281","85,75K","-0,37%"
"11.06.2019","1,1329","1,1312","1,1338","1,1301","80,88K","0,15%"
"10.06.2019","1,1312","1,1324","1,1331","1,1289","69,46K","-0,17%"
"07.06.2019","1,1331","1,1276","1,1349","1,1250","75,23K","0,51%"
"06.06.2019","1,1274","1,1229","1,1309","1,1214","93,76K","0,49%"
"05.06.2019","1,1219","1,1251","1,1307","1,1219","93,14K","-0,28%"
"04.06.2019","1,1251","1,1241","1,1279","1,1226","90,46K","0,10%"
"03.06.2019","1,1240","1,1168","1,1264","1,1156","90,57K","0,65%"
"31.05.2019","1,1167","1,1135","1,1180","1,1125","123,50K","0,33%"
"30.05.2019","1,1130","1,1132","1,1145","1,1115","99,86K","0,01%"
"29.05.2019","1,1129","1,1161","1,1174","1,1123","114,39K","-0,28%"
"28.05.2019","1,1160","1,1199","1,1204","1,1158","104,18K","-0,32%"
"27.05.2019","1,1196","1,1196","1,1216","1,1185","76,74K","-0,05%"
"24.05.2019","1,1202","1,1182","1,1214","1,1174","90,14K","0,20%"
"23.05.2019","1,1180","1,1151","1,1189","1,1107","102,90K","0,25%"
"22.05.2019","1,1152","1,1167","1,1181","1,1147","90,51K","-0,05%"
"21.05.2019","1,1158","1,1171","1,1188","1,1141","95,76K","-0,11%"
"20.05.2019","1,1170","1,1158","1,1177","1,1149","80,10K","0,13%"
"17.05.2019","1,1156","1,1174","1,1185","1,1154","99,45K","-0,14%"
"16.05.2019","1,1172","1,1202","1,1227","1,1165","100,26K","-0,25%"
"15.05.2019","1,1200","1,1204","1,1226","1,1177","108,97K","-0,03%"
"14.05.2019","1,1203","1,1224","1,1247","1,1200","97,88K","-0,18%"
"13.05.2019","1,1223","1,1242","1,1266","1,1221","92,55K","-0,09%"
"10.05.2019","1,1233","1,1215","1,1255","1,1214","125,72K","0,12%"
"09.05.2019","1,1220","1,1192","1,1253","1,1172","129,04K","0,26%"
"08.05.2019","1,1191","1,1191","1,1215","1,1182","127,31K","0,01%"
"07.05.2019","1,1190","1,1199","1,1222","1,1165","132,42K","-0,06%"
"06.05.2019","1,1197","1,1172","1,1211","1,1159","105,10K","-0,03%"
"03.05.2019","1,1200","1,1178","1,1207","1,1135","103,47K","0,21%"
"02.05.2019","1,1176","1,1202","1,1221","1,1170","102,83K","-0,16%"
"01.05.2019","1,1194","1,1215","1,1266","1,1187","79,66K","-0,19%"
"30.04.2019","1,1215","1,1186","1,1231","1,1175","102,97K","0,27%"
"29.04.2019","1,1185","1,1152","1,1192","1,1141","82,35K","0,33%"
"26.04.2019","1,1148","1,1131","1,1176","1,1111","114,90K","0,16%"
"25.04.2019","1,1130","1,1161","1,1164","1,1118","124,49K","-0,20%"
"24.04.2019","1,1152","1,1229","1,1233","1,1140","141,63K","-0,65%"
"23.04.2019","1,1225","1,1257","1,1264","1,1192","125,19K","-0,27%"
"22.04.2019","1,1255","1,1244","1,1264","1,1236","72,39K","0,08%"
"19.04.2019","1,1246","1,1241","1,1254","1,1228","89,84K","0,15%"
"18.04.2019","1,1229","1,1297","1,1307","1,1226","125,60K","-0,58%"
"17.04.2019","1,1294","1,1281","1,1326","1,1279","128,15K","0,12%"
"16.04.2019","1,1280","1,1303","1,1315","1,1279","115,86K","-0,24%"
"15.04.2019","1,1307","1,1300","1,1322","1,1294","93,51K","0,06%"
"12.04.2019","1,1300","1,1254","1,1327","1,1252","128,28K","0,44%"
"11.04.2019","1,1250","1,1273","1,1291","1,1249","124,36K","-0,20%"
"10.04.2019","1,1273","1,1264","1,1288","1,1229","123,96K","0,11%"
"09.04.2019","1,1261","1,1272","1,1286","1,1253","132,96K","0,02%"
"08.04.2019","1,1259","1,1218","1,1277","1,1213","101,26K","0,40%"
"05.04.2019","1,1214","1,1223","1,1247","1,1209","132,17K","-0,05%"
"04.04.2019","1,1220","1,1235","1,1250","1,1205","135,43K","-0,12%"
"03.04.2019","1,1234","1,1205","1,1256","1,1200","140,49K","0,29%"
"02.04.2019","1,1202","1,1216","1,1219","1,1183","144,84K","-0,09%"
"01.04.2019","1,1212","1,1218","1,1250","1,1202","115,77K","-0,04%"
"29.03.2019","1,1217","1,1221","1,1249","1,1208","145,74K","-0,03%"
"28.03.2019","1,1220","1,1244","1,1264","1,1213","151,79K","-0,24%"
"27.03.2019","1,1247","1,1269","1,1287","1,1242","159,40K","-0,15%"
"26.03.2019","1,1264","1,1313","1,1329","1,1262","143,11K","-0,42%"
"25.03.2019","1,1311","1,1294","1,1333","1,1284","114,78K","-0,02%"
"22.03.2019","1,1313","1,1375","1,1394","1,1272","161,24K","-0,53%"
"21.03.2019","1,1373","1,1414","1,1439","1,1342","149,66K","-0,33%"
"20.03.2019","1,1411","1,1351","1,1450","1,1335","140,48K","0,55%"
"19.03.2019","1,1349","1,1337","1,1364","1,1332","131,55K","0,11%"
"18.03.2019","1,1336","1,1323","1,1360","1,1317","95,07K","0,10%"
"15.03.2019","1,1325","1,1305","1,1346","1,1296","145,78K","0,20%"
"14.03.2019","1,1302","1,1329","1,1342","1,1293","169,18K","-0,20%"
"13.03.2019","1,1325","1,1287","1,1341","1,1277","160,62K","0,35%"
"12.03.2019","1,1286","1,1250","1,1308","1,1243","165,86K","0,35%"
"11.03.2019","1,1247","1,1238","1,1259","1,1221","125,99K","0,06%"
"08.03.2019","1,1240","1,1194","1,1248","1,1185","136,43K","0,41%"
"07.03.2019","1,1194","1,1306","1,1322","1,1176","137,53K","-1,00%"
"06.03.2019","1,1307","1,1313","1,1328","1,1286","138,90K","-0,01%"
"05.03.2019","1,1308","1,1339","1,1353","1,1290","140,88K","-0,28%"
"04.03.2019","1,1340","1,1380","1,1398","1,1309","110,26K","-0,33%"
"01.03.2019","1,1377","1,1372","1,1410","1,1353","156,73K","0,05%"
"28.02.2019","1,1371","1,1371","1,1421","1,1357","160,78K","0,02%"
"27.02.2019","1,1369","1,1396","1,1404","1,1360","151,86K","-0,16%"
"26.02.2019","1,1387","1,1366","1,1404","1,1343","142,08K","0,25%"
"25.02.2019","1,1359","1,1338","1,1369","1,1323","130,22K","0,14%"
"22.02.2019","1,1343","1,1337","1,1360","1,1315","153,24K","0,06%"
"21.02.2019","1,1336","1,1338","1,1368","1,1320","162,58K","-0,01%"
"20.02.2019","1,1337","1,1342","1,1374","1,1324","147,53K","-0,04%"
"19.02.2019","1,1341","1,1310","1,1358","1,1274","135,02K","0,27%"
"18.02.2019","1,1311","1,1288","1,1337","1,1284","103,75K","0,14%"
"15.02.2019","1,1295","1,1295","1,1313","1,1233","152,82K","-0,05%"
"14.02.2019","1,1301","1,1262","1,1313","1,1247","153,82K","0,30%"
"13.02.2019","1,1267","1,1326","1,1346","1,1260","153,98K","-0,51%"
"12.02.2019","1,1325","1,1280","1,1342","1,1256","144,05K","0,43%"
"11.02.2019","1,1276","1,1328","1,1331","1,1264","118,57K","-0,48%"
"08.02.2019","1,1330","1,1346","1,1355","1,1320","154,67K","-0,10%"
"07.02.2019","1,1341","1,1360","1,1375","1,1322","158,35K","-0,18%"
"06.02.2019","1,1362","1,1406","1,1420","1,1359","173,89K","-0,46%"
"05.02.2019","1,1415","1,1442","1,1456","1,1400","171,17K","-0,20%"
"04.02.2019","1,1438","1,1457","1,1467","1,1421","121,20K","-0,16%"
"01.02.2019","1,1456","1,1447","1,1490","1,1433","167,34K","0,09%"
"31.01.2019","1,1446","1,1480","1,1517","1,1434","174,90K","-0,29%"
"30.01.2019","1,1479","1,1433","1,1503","1,1404","179,84K","0,41%"
"29.01.2019","1,1432","1,1428","1,1453","1,1410","178,21K","-0,02%"
"28.01.2019","1,1434","1,1404","1,1445","1,1388","160,92K","0,17%"
"25.01.2019","1,1415","1,1306","1,1421","1,1298","169,55K","0,96%"
"24.01.2019","1,1306","1,1380","1,1398","1,1287","155,75K","-0,66%"
"23.01.2019","1,1381","1,1358","1,1397","1,1348","139,45K","0,19%"
"22.01.2019","1,1359","1,1365","1,1386","1,1334","154,96K","-0,06%"
"21.01.2019","1,1366","1,1371","1,1409","1,1355","132,26K","0,03%"
"18.01.2019","1,1363","1,1389","1,1413","1,1352","157,65K","-0,31%"
"17.01.2019","1,1398","1,1396","1,1410","1,1369","178,91K","-0,02%"
"16.01.2019","1,1400","1,1414","1,1429","1,1377","177,10K","-0,15%"
"15.01.2019","1,1417","1,1473","1,1494","1,1381","185,60K","-0,52%"
"14.01.2019","1,1477","1,1471","1,1485","1,1440","119,24K","0,07%"
"11.01.2019","1,1469","1,1499","1,1542","1,1457","155,95K","-0,27%"
"10.01.2019","1,1500","1,1542","1,1572","1,1485","","-0,37%"
"09.01.2019","1,1543","1,1444","1,1556","1,1435","","0,88%"
"08.01.2019","1,1442","1,1476","1,1487","1,1422","6,64K","-0,30%"
"07.01.2019","1,1476","1,1392","1,1485","1,1392","5,20K","0,71%"
"04.01.2019","1,1395","1,1393","1,1422","1,1345","144,77K","0,01%"
"03.01.2019","1,1394","1,1345","1,1413","1,1309","9,25K","0,45%"
"02.01.2019","1,1343","1,1464","1,1499","1,1325","9,01K","-1,06%"
"01.01.2019","1,1464","1,1466","1,1481","1,1425","3,38K","-0,05%"
"31.12.2018","1,1470","1,1443","1,1470","1,1421","","0,28%"
"28.12.2018","1,1438","1,1429","1,1478","1,1424","","0,07%"
"27.12.2018","1,1430","1,1353","1,1457","1,1349","","0,68%"
"26.12.2018","1,1353","1,1363","1,1423","1,1342","","-0,08%"
"25.12.2018","1,1362","1,1400","1,1429","1,1361","","-0,33%"
"24.12.2018","1,1400","1,1370","1,1439","1,1350","","0,27%"
"21.12.2018","1,1369","1,1447","1,1477","1,1353","","-0,67%"
"20.12.2018","1,1446","1,1377","1,1487","1,1371","","0,61%"
"19.12.2018","1,1377","1,1361","1,1442","1,1360","","0,14%"
"18.12.2018","1,1361","1,1346","1,1402","1,1336","","0,12%"
"17.12.2018","1,1347","1,1308","1,1360","1,1299","","0,34%"
"14.12.2018","1,1309","1,1362","1,1374","1,1268","","-0,48%"
"13.12.2018","1,1363","1,1369","1,1396","1,1330","","-0,04%"
"12.12.2018","1,1368","1,1317","1,1388","1,1312","","0,46%"
"11.12.2018","1,1316","1,1361","1,1402","1,1304","","-0,35%"
"10.12.2018","1,1356","1,1401","1,1444","1,1349","","-0,19%"
"07.12.2018","1,1378","1,1377","1,1425","1,1359","","0,02%"
"06.12.2018","1,1376","1,1345","1,1414","1,1321","","0,28%"
"05.12.2018","1,1344","1,1342","1,1361","1,1309","","-0,01%"
"04.12.2018","1,1345","1,1354","1,1421","1,1318","","-0,08%"
"03.12.2018","1,1354","1,1315","1,1382","1,1315","","0,33%"
"30.11.2018","1,1317","1,1395","1,1402","1,1304","","-0,67%"
"29.11.2018","1,1393","1,1367","1,1403","1,1348","","0,24%"
"28.11.2018","1,1366","1,1291","1,1387","1,1264","","0,69%"
"27.11.2018","1,1288","1,1326","1,1344","1,1276","","-0,35%"
"26.11.2018","1,1328","1,1343","1,1385","1,1323","","-0,11%"
"23.11.2018","1,1341","1,1403","1,1422","1,1325","","-0,59%"
"22.11.2018","1,1408","1,1382","1,1434","1,1378","","0,20%"
"21.11.2018","1,1385","1,1371","1,1426","1,1363","","0,12%"
"20.11.2018","1,1371","1,1453","1,1473","1,1357","","-0,72%"
"19.11.2018","1,1453","1,1403","1,1467","1,1393","","0,29%"
"16.11.2018","1,1420","1,1330","1,1423","1,1320","","0,81%"
"15.11.2018","1,1328","1,1309","1,1364","1,1271","","0,16%"
"14.11.2018","1,1310","1,1290","1,1349","1,1262","","0,17%"
"13.11.2018","1,1291","1,1219","1,1296","1,1216","","0,65%"
"12.11.2018","1,1218","1,1331","1,1333","1,1214","","-1,04%"
"09.11.2018","1,1336","1,1364","1,1371","1,1315","","-0,24%"
"08.11.2018","1,1363","1,1425","1,1448","1,1352","","-0,55%"
"07.11.2018","1,1426","1,1427","1,1502","1,1395","","-0,01%"
"06.11.2018","1,1427","1,1406","1,1440","1,1389","","0,18%"
"05.11.2018","1,1407","1,1391","1,1425","1,1356","","0,18%"
"02.11.2018","1,1387","1,1408","1,1458","1,1372","","-0,19%"
"01.11.2018","1,1409","1,1311","1,1426","1,1306","","0,86%"
"31.10.2018","1,1312","1,1345","1,1363","1,1301","","-0,28%"
"30.10.2018","1,1344","1,1372","1,1387","1,1338","","-0,25%"
"29.10.2018","1,1373","1,1408","1,1418","1,1361","","-0,26%"
"26.10.2018","1,1403","1,1376","1,1422","1,1334","","0,24%"
"25.10.2018","1,1376","1,1392","1,1434","1,1355","","-0,14%"
"24.10.2018","1,1392","1,1470","1,1477","1,1378","","-0,69%"
"23.10.2018","1,1471","1,1466","1,1495","1,1438","","0,05%"
"22.10.2018","1,1465","1,1507","1,1552","1,1455","","-0,43%"
"19.10.2018","1,1515","1,1451","1,1536","1,1433","","0,54%"
"18.10.2018","1,1453","1,1500","1,1528","1,1448","","-0,42%"
"17.10.2018","1,1501","1,1575","1,1585","1,1495","","-0,64%"
"16.10.2018","1,1575","1,1580","1,1623","1,1564","","-0,03%"
"15.10.2018","1,1579","1,1559","1,1608","1,1537","","0,14%"
"12.10.2018","1,1563","1,1592","1,1611","1,1534","","-0,27%"
"11.10.2018","1,1594","1,1519","1,1600","1,1517","","0,64%"
"10.10.2018","1,1520","1,1491","1,1547","1,1479","","0,26%"
"09.10.2018","1,1490","1,1491","1,1504","1,1430","","-0,02%"
"08.10.2018","1,1492","1,1520","1,1536","1,1459","","-0,28%"
"05.10.2018","1,1524","1,1513","1,1550","1,1483","","0,08%"
"04.10.2018","1,1515","1,1478","1,1543","1,1464","","0,32%"
"03.10.2018","1,1478","1,1548","1,1595","1,1465","","-0,61%"
"02.10.2018","1,1548","1,1578","1,1582","1,1506","","-0,26%"
"01.10.2018","1,1578","1,1609","1,1630","1,1563","","-0,27%"
"28.09.2018","1,1609","1,1641","1,1652","1,1567","","-0,27%"
"27.09.2018","1,1641","1,1740","1,1759","1,1637","","-0,84%"
"26.09.2018","1,1740","1,1767","1,1799","1,1726","","-0,27%"
"25.09.2018","1,1772","1,1748","1,1793","1,1730","","0,20%"
"24.09.2018","1,1748","1,1751","1,1817","1,1723","","-0,02%"
"21.09.2018","1,1750","1,1776","1,1804","1,1731","","-0,23%"
"20.09.2018","1,1777","1,1671","1,1786","1,1665","","0,89%"
"19.09.2018","1,1673","1,1667","1,1716","1,1648","","0,05%"
"18.09.2018","1,1667","1,1684","1,1726","1,1651","","-0,14%"
"17.09.2018","1,1683","1,1623","1,1699","1,1617","","0,46%"
"14.09.2018","1,1630","1,1690","1,1724","1,1619","","-0,51%"
"13.09.2018","1,1690","1,1627","1,1703","1,1608","","0,55%"
"12.09.2018","1,1626","1,1604","1,1651","1,1570","","0,16%"
"11.09.2018","1,1607","1,1594","1,1645","1,1565","","0,11%"
"10.09.2018","1,1594","1,1560","1,1617","1,1526","","0,35%"
"07.09.2018","1,1553","1,1624","1,1651","1,1550","","-0,59%"
"06.09.2018","1,1622","1,1629","1,1660","1,1603","","-0,06%"
"05.09.2018","1,1629","1,1581","1,1640","1,1542","","0,41%"
"04.09.2018","1,1582","1,1623","1,1629","1,1528","","-0,36%"
"03.09.2018","1,1624","1,1596","1,1629","1,1583","","0,20%"
"31.08.2018","1,1601","1,1671","1,1692","1,1585","","-0,60%"
"30.08.2018","1,1671","1,1707","1,1720","1,1641","","-0,32%"
"29.08.2018","1,1708","1,1695","1,1712","1,1652","","0,11%"
"28.08.2018","1,1695","1,1678","1,1735","1,1662","","0,15%"
"27.08.2018","1,1678","1,1631","1,1694","1,1592","","0,47%"
"24.08.2018","1,1623","1,1540","1,1641","1,1533","","0,73%"
"23.08.2018","1,1539","1,1596","1,1601","1,1530","","-0,50%"
"22.08.2018","1,1597","1,1570","1,1624","1,1551","","0,22%"
"21.08.2018","1,1571","1,1482","1,1602","1,1479","","0,78%"
"20.08.2018","1,1481","1,1442","1,1486","1,1394","","0,37%"
"17.08.2018","1,1439","1,1377","1,1447","1,1365","","0,54%"
"16.08.2018","1,1377","1,1345","1,1411","1,1335","","0,28%"
"15.08.2018","1,1345","1,1344","1,1357","1,1299","","0,01%"
"14.08.2018","1,1344","1,1410","1,1431","1,1330","","-0,57%"
"13.08.2018","1,1409","1,1389","1,1434","1,1364","","-0,02%"
"10.08.2018","1,1411","1,1526","1,1537","1,1384","","-1,01%"
"09.08.2018","1,1527","1,1609","1,1620","1,1525","","-0,72%"
"08.08.2018","1,1611","1,1598","1,1629","1,1571","","0,10%"
"07.08.2018","1,1599","1,1555","1,1610","1,1547","","0,39%"
"06.08.2018","1,1554","1,1571","1,1574","1,1527","","-0,11%"
"03.08.2018","1,1567","1,1583","1,1611","1,1559","","-0,15%"
"02.08.2018","1,1584","1,1660","1,1669","1,1582","","-0,65%"
"01.08.2018","1,1660","1,1691","1,1701","1,1656","","-0,27%"
"31.07.2018","1,1691","1,1706","1,1745","1,1682","","-0,13%"
"30.07.2018","1,1706","1,1660","1,1721","1,1648","","0,41%"
"27.07.2018","1,1658","1,1643","1,1665","1,1621","","0,13%"
"26.07.2018","1,1643","1,1728","1,1744","1,1639","","-0,72%"
"25.07.2018","1,1728","1,1684","1,1739","1,1663","","0,36%"
"24.07.2018","1,1686","1,1692","1,1719","1,1654","","-0,05%"
"23.07.2018","1,1692","1,1730","1,1752","1,1682","","-0,24%"
"20.07.2018","1,1720","1,1644","1,1740","1,1626","","0,66%"
"19.07.2018","1,1643","1,1639","1,1680","1,1574","","0,03%"
"18.07.2018","1,1639","1,1660","1,1665","1,1601","","-0,19%"
"17.07.2018","1,1661","1,1711","1,1746","1,1650","","-0,42%"
"16.07.2018","1,1710","1,1676","1,1726","1,1674","","0,21%"
"13.07.2018","1,1685","1,1669","1,1688","1,1610","","0,11%"
"12.07.2018","1,1672","1,1674","1,1697","1,1648","","-0,02%"
"11.07.2018","1,1674","1,1745","1,1760","1,1665","","-0,60%"
"10.07.2018","1,1744","1,1751","1,1764","1,1690","","-0,06%"
"09.07.2018","1,1751","1,1748","1,1792","1,1731","","0,03%"
"06.07.2018","1,1747","1,1690","1,1769","1,1679","","0,48%"
"05.07.2018","1,1691","1,1655","1,1722","1,1649","","0,30%"
"04.07.2018","1,1656","1,1658","1,1684","1,1629","","-0,01%"
"03.07.2018","1,1657","1,1641","1,1675","1,1621","","0,14%"
"02.07.2018","1,1641","1,1651","1,1699","1,1590","","-0,38%"
"29.06.2018","1,1685","1,1569","1,1692","1,1558","","1,00%"
"28.06.2018","1,1569","1,1555","1,1602","1,1527","","0,13%"
"27.06.2018","1,1554","1,1647","1,1674","1,1541","","-0,80%"
"26.06.2018","1,1647","1,1704","1,1722","1,1635","","-0,49%"
"25.06.2018","1,1704","1,1659","1,1715","1,1627","","0,40%"
"22.06.2018","1,1657","1,1604","1,1677","1,1600","","0,47%"
"21.06.2018","1,1603","1,1572","1,1635","1,1509","","0,27%"
"20.06.2018","1,1572","1,1590","1,1602","1,1537","","-0,16%"
"19.06.2018","1,1590","1,1624","1,1646","1,1530","","-0,28%"
"18.06.2018","1,1623","1,1609","1,1625","1,1563","","0,12%"
"15.06.2018","1,1609","1,1568","1,1629","1,1543","","0,35%"
"14.06.2018","1,1569","1,1791","1,1853","1,1562","","-1,88%"
"13.06.2018","1,1791","1,1745","1,1803","1,1725","","0,39%"
"12.06.2018","1,1745","1,1784","1,1811","1,1733","","-0,33%"
"11.06.2018","1,1784","1,1766","1,1822","1,1754","","0,14%"
"08.06.2018","1,1768","1,1800","1,1812","1,1726","","-0,26%"
"07.06.2018","1,1799","1,1774","1,1842","1,1772","","0,22%"
"06.06.2018","1,1773","1,1717","1,1797","1,1708","","0,47%"
"05.06.2018","1,1718","1,1698","1,1733","1,1652","","0,16%"
"04.06.2018","1,1699","1,1656","1,1744","1,1652","","0,33%"
"01.06.2018","1,1661","1,1691","1,1718","1,1617","","-0,27%"
"31.05.2018","1,1692","1,1665","1,1726","1,1641","","0,25%"
"30.05.2018","1,1663","1,1540","1,1678","1,1518","","1,07%"
"29.05.2018","1,1540","1,1625","1,1641","1,1508","","-0,71%"
"28.05.2018","1,1623","1,1651","1,1729","1,1605","","-0,25%"
"25.05.2018","1,1652","1,1720","1,1735","1,1645","","-0,58%"
"24.05.2018","1,1720","1,1695","1,1750","1,1688","","0,20%"
"23.05.2018","1,1697","1,1778","1,1790","1,1675","","-0,70%"
"22.05.2018","1,1779","1,1792","1,1830","1,1754","","-0,10%"
"21.05.2018","1,1791","1,1764","1,1797","1,1717","","0,11%"
"18.05.2018","1,1778","1,1796","1,1825","1,1749","","-0,14%"
"17.05.2018","1,1795","1,1808","1,1839","1,1775","","-0,10%"
"16.05.2018","1,1807","1,1837","1,1854","1,1762","","-0,26%"
"15.05.2018","1,1838","1,1925","1,1939","1,1817","","-0,75%"
"14.05.2018","1,1927","1,1947","1,1998","1,1926","","-0,14%"
"11.05.2018","1,1944","1,1917","1,1970","1,1891","","0,24%"
"10.05.2018","1,1915","1,1852","1,1948","1,1843","","0,55%"
"09.05.2018","1,1850","1,1863","1,1898","1,1822","","-0,12%"
"08.05.2018","1,1864","1,1924","1,1941","1,1838","","-0,49%"
"07.05.2018","1,1922","1,1953","1,1980","1,1898","","-0,32%"
"04.05.2018","1,1960","1,1989","1,1997","1,1911","","-0,23%"
"03.05.2018","1,1988","1,1951","1,2009","1,1946","","0,31%"
"02.05.2018","1,1951","1,1992","1,2033","1,1938","","-0,35%"
"01.05.2018","1,1993","1,2076","1,2086","1,1981","","-0,71%"
"30.04.2018","1,2079","1,2125","1,2141","1,2064","","-0,42%"
"27.04.2018","1,2130","1,2105","1,2135","1,2055","","0,22%"
"26.04.2018","1,2103","1,2161","1,2211","1,2096","","-0,48%"
"25.04.2018","1,2161","1,2232","1,2240","1,2160","","-0,58%"
"24.04.2018","1,2232","1,2209","1,2247","1,2182","","0,19%"
"23.04.2018","1,2209","1,2289","1,2292","1,2198","","-0,64%"
"20.04.2018","1,2288","1,2346","1,2354","1,2250","","-0,47%"
"19.04.2018","1,2346","1,2373","1,2402","1,2329","","-0,22%"
"18.04.2018","1,2373","1,2369","1,2398","1,2343","","0,02%"
"17.04.2018","1,2370","1,2378","1,2413","1,2335","","-0,08%"
"16.04.2018","1,2380","1,2330","1,2395","1,2325","","0,40%"
"13.04.2018","1,2331","1,2327","1,2348","1,2307","","0,03%"
"12.04.2018","1,2327","1,2368","1,2382","1,2300","","-0,32%"
"11.04.2018","1,2367","1,2357","1,2397","1,2347","","0,09%"
"10.04.2018","1,2356","1,2320","1,2379","1,2303","","0,28%"
"09.04.2018","1,2321","1,2279","1,2331","1,2261","","0,31%"
"06.04.2018","1,2283","1,2240","1,2292","1,2214","","0,35%"
"05.04.2018","1,2240","1,2278","1,2292","1,2218","","-0,31%"
"04.04.2018","1,2278","1,2269","1,2315","1,2256","","0,07%"
"03.04.2018","1,2270","1,2304","1,2336","1,2253","","-0,26%"
"02.04.2018","1,2302","1,2323","1,2346","1,2282","","-0,17%"
"30.03.2018","1,2323","1,2301","1,2331","1,2293","","0,17%"
"29.03.2018","1,2302","1,2308","1,2335","1,2282","","-0,05%"
"28.03.2018","1,2308","1,2403","1,2424","1,2300","","-0,77%"
"27.03.2018","1,2403","1,2444","1,2478","1,2373","","-0,32%"
"26.03.2018","1,2443","1,2348","1,2463","1,2341","","0,73%"
"23.03.2018","1,2353","1,2302","1,2375","1,2301","","0,41%"
"22.03.2018","1,2302","1,2337","1,2389","1,2285","","-0,29%"
"21.03.2018","1,2338","1,2242","1,2351","1,2241","","0,78%"
"20.03.2018","1,2242","1,2335","1,2356","1,2239","","-0,75%"
"19.03.2018","1,2335","1,2284","1,2361","1,2258","","0,37%"
"16.03.2018","1,2289","1,2305","1,2338","1,2261","","-0,13%"
"15.03.2018","1,2305","1,2366","1,2385","1,2299","","-0,50%"
"14.03.2018","1,2367","1,2390","1,2414","1,2347","","-0,19%"
"13.03.2018","1,2390","1,2334","1,2408","1,2314","","0,45%"
"12.03.2018","1,2334","1,2311","1,2347","1,2291","","0,22%"
"09.03.2018","1,2307","1,2312","1,2336","1,2273","","-0,04%"
"08.03.2018","1,2312","1,2411","1,2448","1,2298","","-0,81%"
"07.03.2018","1,2413","1,2404","1,2445","1,2385","","0,07%"
"06.03.2018","1,2404","1,2336","1,2422","1,2328","","0,55%"
"05.03.2018","1,2336","1,2323","1,2366","1,2268","","0,15%"
"02.03.2018","1,2317","1,2266","1,2336","1,2250","","0,40%"
"01.03.2018","1,2268","1,2193","1,2272","1,2153","","0,61%"
"28.02.2018","1,2194","1,2232","1,2243","1,2188","","-0,31%"
"27.02.2018","1,2232","1,2317","1,2348","1,2221","","-0,70%"
"26.02.2018","1,2318","1,2299","1,2356","1,2278","","0,20%"
"23.02.2018","1,2293","1,2329","1,2337","1,2279","","-0,31%"
"22.02.2018","1,2331","1,2283","1,2354","1,2260","","0,38%"
"21.02.2018","1,2284","1,2338","1,2361","1,2281","","-0,44%"
"20.02.2018","1,2338","1,2409","1,2414","1,2320","","-0,56%"
"19.02.2018","1,2408","1,2409","1,2435","1,2368","","0,02%"
"16.02.2018","1,2406","1,2506","1,2557","1,2394","","-0,80%"
"15.02.2018","1,2506","1,2449","1,2511","1,2447","","0,45%"
"14.02.2018","1,2450","1,2352","1,2467","1,2276","","0,79%"
"13.02.2018","1,2352","1,2293","1,2373","1,2285","","0,49%"
"12.02.2018","1,2292","1,2253","1,2298","1,2234","","0,47%"
"09.02.2018","1,2235","1,2245","1,2289","1,2206","","-0,10%"
"08.02.2018","1,2247","1,2264","1,2297","1,2212","","-0,14%"
"07.02.2018","1,2264","1,2378","1,2407","1,2247","","-0,91%"
"06.02.2018","1,2377","1,2367","1,2434","1,2314","","0,07%"
"05.02.2018","1,2368","1,2455","1,2475","1,2362","","-0,75%"
"02.02.2018","1,2462","1,2508","1,2519","1,2409","","-0,38%"
"01.02.2018","1,2510","1,2414","1,2524","1,2386","","0,72%"
"31.01.2018","1,2421","1,2401","1,2476","1,2386","","0,15%"
"30.01.2018","1,2402","1,2383","1,2455","1,2335","","0,15%"
"29.01.2018","1,2383","1,2427","1,2436","1,2336","","-0,31%"
"26.01.2018","1,2421","1,2395","1,2495","1,2371","","0,20%"
"25.01.2018","1,2396","1,2408","1,2537","1,2364","","-0,10%"
"24.01.2018","1,2408","1,2299","1,2417","1,2293","","0,89%"
"23.01.2018","1,2299","1,2263","1,2308","1,2223","","0,30%"
"22.01.2018","1,2262","1,2268","1,2276","1,2214","","0,33%"
"19.01.2018","1,2222","1,2236","1,2296","1,2219","","-0,14%"
"18.01.2018","1,2239","1,2186","1,2267","1,2165","","0,43%"
"17.01.2018","1,2186","1,2260","1,2324","1,2176","","-0,61%"
"16.01.2018","1,2261","1,2265","1,2284","1,2194","","-0,02%"
"15.01.2018","1,2263","1,2198","1,2298","1,2188","","0,62%"
"12.01.2018","1,2187","1,2033","1,2190","1,2031","","1,29%"
"11.01.2018","1,2032","1,1946","1,2060","1,1928","","0,71%"
"10.01.2018","1,1947","1,1938","1,2019","1,1923","","0,08%"
"09.01.2018","1,1937","1,1967","1,1977","1,1916","","-0,25%"
"08.01.2018","1,1967","1,2029","1,2054","1,1956","","-0,52%"
"05.01.2018","1,2030","1,2068","1,2085","1,2021","","-0,31%"
"04.01.2018","1,2068","1,2015","1,2090","1,2004","","0,45%"
"03.01.2018","1,2014","1,2058","1,2070","1,2001","","-0,37%"
"02.01.2018","1,2059","1,2013","1,2084","1,2003","","0,41%"
"01.01.2018","1,2010","1,2003","1,2014","1,1995","","0,10%"